Process Num,Input Length,Output Length,TTFT (ms),avg TPS (without prefill),avg TPS (with prefill),Total Time (ms),TPS (without prefill),TPS (with prefill),Error,avg input Tokens,avg output Tokens
1,2048,2048,277.2472,40.2209,40.0344,54453.20439338684,40.2209,40.0344,,2048,2180
8,2048,2048,1320.0411,28.5411,28.0172,76939.3379688263,228.3292,224.1376,,2048,2155
16,2048,2048,2339.1407,25.9961,25.2075,85329.37669754028,415.9374,403.3195,,2048,2150
32,2048,2048,4340.6656,23.9248,22.6819,95033.0274105072,765.5933,725.8213,,2048,2155
64,2048,2048,8395.5524,18.4962,17.0566,126185.528755188,1183.759,1091.6228,,2048,2152
128,2048,2048,17329.0476,12.2114,10.9081,197299.62873458862,1563.0575,1396.2368,,2048,2152
