Process Num,Input Length,Output Length,TTFT (ms),avg TPS (without prefill),avg TPS (with prefill),Total Time (ms),TPS (without prefill),TPS (with prefill),Error,avg input Tokens,avg output Tokens
1,2048,2048,72.4645,127.4394,126.9532,17014.144897460938,127.4394,126.9532,,2048,2160
8,2048,2048,271.8781,94.1858,92.9703,23088.02795410156,753.4865,743.7621,,2048,2146
16,2048,2048,444.628,74.779,73.4525,29245.10645866394,1196.4642,1175.2394,,2048,2148
32,2048,2048,817.9846,53.0721,51.7749,41610.39710044861,1698.3058,1656.7975,,2048,2154
64,2048,2048,1657.465,33.5878,32.4645,66399.88017082214,2149.617,2077.7297,,2048,2155
128,2048,2048,3994.4083,20.2984,18.5215,116221.15707397461,2598.193,2370.7473,,2047,2152
