Process Num,Input Length,Output Length,TTFT (ms),avg TPS (without prefill),avg TPS (with prefill),Total Time (ms),TPS (without prefill),TPS (with prefill),Error,avg input Tokens,avg output Tokens
1,2048,2048,83.0092,127.1717,126.6098,17060.290098190308,127.1717,126.6098,,2048,2160
8,2048,2048,268.8195,92.5836,91.4193,23456.49003982544,740.669,731.3541,,2048,2144
16,2048,2048,444.0316,73.6545,72.3755,29660.41922569275,1178.4715,1158.0079,,2048,2146
32,2048,2048,838.8452,52.0225,50.7539,42420.371770858765,1664.7195,1624.1253,,2048,2153
64,2048,2048,1682.3631,33.1064,32.0018,67411.69238090515,2118.8122,2048.1165,,2048,2157
128,2048,2048,4037.3986,20.0404,18.2947,117685.03141403198,2565.1652,2341.7252,,2048,2153
