Process Num,Input Length,Output Length,TTFT (ms),avg TPS (without prefill),avg TPS (with prefill),Total Time (ms),TPS (without prefill),TPS (with prefill),Error,avg input Tokens,avg output Tokens
1,2048,2048,173.0142,58.7835,58.5333,36816.66922569275,58.7835,58.5333,,2048,2155
8,2048,2048,761.5044,47.2496,46.4208,46337.00442314148,377.9967,371.3663,,2048,2151
16,2048,2048,1328.6829,39.8525,38.7889,55310.54902076721,637.6393,620.623,,2048,2145
32,2048,2048,2452.1778,30.8737,29.6709,72777.64987945557,987.9593,949.4673,,2048,2159
64,2048,2048,4837.7916,21.4978,20.318,106094.31052207948,1375.8586,1300.3525,,2048,2155
128,2048,2048,10476.9978,14.0364,9.5899,224534.97076034546,1796.6629,1227.5014,,2048,2153
