Process Num,Input Length,Output Length,TTFT (ms),avg TPS (without prefill),avg TPS (with prefill),Total Time (ms),TPS (without prefill),TPS (with prefill),Error,avg input Tokens,avg output Tokens
1,2048,2048,63.3717,75.4204,75.288,28782.814264297485,75.4204,75.288,,2048,2167
8,2048,2048,178.9447,64.8526,64.4291,33259.408950805664,518.8209,515.4331,,2048,2142
16,2048,2048,299.9172,68.2585,67.399,31911.62061691284,1092.1355,1078.3846,,2048,2150
32,2048,2048,554.0164,57.1821,56.0001,38530.04312515259,1829.828,1792.0042,,2048,2157
64,2048,2048,1164.77,35.7825,34.7782,61938.95649909973,2290.0786,2225.8044,,2048,2154
128,2048,2048,2941.3424,21.2758,19.7066,109236.21845245361,2723.3003,2522.4509,,2048,2152
