Process Num,Input Length,Output Length,TTFT (ms),avg TPS (without prefill),avg TPS (with prefill),Total Time (ms),TPS (without prefill),TPS (with prefill),Error,avg input Tokens,avg output Tokens
1,2048,2048,83.1504,77.2865,77.0916,28018.612384796143,77.2865,77.0916,,2048,2160
8,2048,2048,266.0302,78.1728,77.3259,27770.45488357544,625.3827,618.6071,,2048,2147
16,2048,2048,439.5069,64.2024,63.182,34023.7500667572,1027.2387,1010.9115,,2048,2149
32,2048,2048,800.3037,52.3271,51.0415,42158.12182426453,1674.4685,1633.327,,2048,2151
64,2048,2048,1650.0886,34.1239,32.9528,65481.91261291504,2183.9279,2108.9793,,2048,2157
128,2048,2048,3877.7155,20.5255,18.4741,116615.30613899231,2627.2691,2364.681,,2048,2154
