Process Num,Input Length,Output Length,TTFT (ms),avg TPS (without prefill),avg TPS (with prefill),Total Time (ms),TPS (without prefill),TPS (with prefill),Error,avg input Tokens,avg output Tokens
1,2048,2048,75.3977,74.2648,74.1063,29147.332191467285,74.2648,74.1063,,2048,2160
8,2048,2048,259.2799,64.9585,64.3762,33356.672286987305,519.6682,515.0094,,2048,2147
16,2048,2048,449.789,63.2489,62.2261,34557.4676990509,1011.9823,995.6169,,2048,2150
32,2048,2048,813.7034,53.2071,51.8545,41475.43215751648,1702.6274,1659.3438,,2048,2150
64,2048,2048,1633.8491,34.0051,32.8327,65696.70176506042,2176.3265,2101.2927,,2048,2157
128,2048,2048,3908.8959,20.496,18.3922,117045.00794410706,2623.488,2354.1969,,2048,2152
256,2048,2048,30899.0204,15.7956,9.1733,234727.80871391296,4043.6665,2348.3711,,2048,2153
