Process Num,Input Length,Output Length,TTFT (ms),avg TPS (without prefill),avg TPS (with prefill),Total Time (ms),TPS (without prefill),TPS (with prefill),Error,avg input Tokens,avg output Tokens
1,2048,2048,277.1113,42.4459,42.2339,50835.952043533325,42.4459,42.2339,,2048,2147
8,2048,2048,1238.5309,38.8062,37.9018,56685.932874679565,310.4496,303.2146,,2048,2148
16,2048,2048,2159.6058,36.076,34.71,61993.95728111267,577.2163,555.3606,,2048,2151
32,2048,2048,3999.3583,29.1465,27.4837,78366.92523956299,932.6867,879.4782,,2048,2153
64,2048,2048,7718.6806,22.2163,20.3607,105833.60767364502,1421.841,1303.0832,,2048,2154
128,2048,2048,15879.2399,15.0514,13.2292,162623.295545578,1926.5823,1693.3429,,2048,2151
256,2048,2048,52252.2068,9.865,5.8039,370903.69415283203,2525.4412,1485.8062,,2048,2152
