Process Num,Input Length,Output Length,TTFT (ms),avg TPS (without prefill),avg TPS (with prefill),Total Time (ms),TPS (without prefill),TPS (with prefill),Error,avg input Tokens,avg output Tokens
1,2048,2048,285.3143,41.3381,41.1301,51957.11636543274,41.3381,41.1301,,2048,2137
8,2048,2048,1334.8278,37.5834,36.6854,58589.32137489319,300.6674,293.4835,,2048,2149
16,2048,2048,2350.2046,33.8043,32.5018,66221.41027450562,540.8681,520.0282,,2048,2152
32,2048,2048,4338.6812,27.0526,25.5023,84422.49321937561,865.6842,816.074,,2048,2152
64,2048,2048,8376.5838,20.0114,18.3719,117131.97326660156,1280.7297,1175.8019,,2048,2151
128,2048,2048,17078.3837,12.7889,10.2529,209812.5324249268,1636.981,1312.3763,,2048,2151
256,2048,2048,80782.7742,10.0812,5.2908,406591.5365219116,2580.7973,1354.433,,2047,2151
