Process Num,Input Length,Output Length,TTFT (ms),avg TPS (without prefill),avg TPS (with prefill),Total Time (ms),TPS (without prefill),TPS (with prefill),Error,avg input Tokens,avg output Tokens
1,2048,2048,278.7929,47.751,47.4769,45011.3627910614,47.751,47.4769,,2048,2137
8,2048,2048,1342.6592,36.1444,35.3042,60874.56369400024,289.155,282.4332,,2048,2149
16,2048,2048,2392.3476,32.9558,31.6962,67904.34646606445,527.2932,507.1398,,2048,2152
32,2048,2048,4403.5836,25.4427,24.0503,89518.17178726196,814.1656,769.6091,,2048,2152
64,2048,2048,8542.1661,19.6588,18.0447,119252.61616706848,1258.1631,1154.8594,,2048,2151
128,2048,2048,17424.2214,11.6974,9.4922,226626.3098716736,1497.2712,1215.0046,,2048,2151
256,2048,2048,83776.7365,9.6051,5.052,425805.4654598236,2458.9141,1293.3136,,2048,2151
