Process Num,Input Length,Output Length,TTFT (ms),avg TPS (without prefill),avg TPS (with prefill),Total Time (ms),TPS (without prefill),TPS (with prefill),Error,avg input Tokens,avg output Tokens
1,2048,2048,77.2586,132.3177,131.7482,16273.468017578123,132.3177,131.7482,,2048,2144
8,2048,2048,281.4684,113.7284,111.9291,19156.099319458008,909.8275,895.4328,,2048,2144
16,2048,2048,472.1031,96.9477,94.6682,22732.69820213318,1551.1639,1514.6904,,2048,2152
32,2048,2048,850.1333,76.5167,73.8947,29070.920705795288,2448.5345,2364.631,,2048,2148
64,2048,2048,1626.8751,49.5723,47.3729,45402.08101272583,3172.6253,3031.8654,,2048,2150
128,2048,2048,3648.9615,30.8716,28.8614,74548.37489128113,3951.5665,3694.2589,,2048,2151
256,2048,2048,10254.2513,15.6312,14.1681,151802.20127105713,4001.5751,3627.0291,,2047,2150
