Process Num,Input Length,Output Length,TTFT (ms),avg TPS (without prefill),avg TPS (with prefill),Total Time (ms),TPS (without prefill),TPS (with prefill),Error,avg input Tokens,avg output Tokens
1,2048,2048,184.171,14.6463,14.6341,139947.20649719238,14.6463,14.6341,,2048,2048
8,2048,2048,763.8264,14.2775,14.2077,144147.46689796448,114.22,113.6614,,2048,2048
16,2048,2048,1209.3275,13.7981,13.6892,149606.85443878174,220.7696,219.0274,,2048,2048
32,2048,2048,1975.4903,13.922,13.7339,149117.4852848053,445.5046,439.4857,,2048,2047
64,2048,2048,3458.5589,13.1846,12.8831,158964.19191360474,843.8119,824.519,,2048,2047
128,2048,2048,6400.4395,11.6896,11.2438,182142.7321434021,1496.2667,1439.212,,2048,2047
256,2048,2048,12565.6826,9.2226,8.6728,236133.24975967407,2360.9873,2220.2337,,2048,2047
