Process Num,Input Length,Output Length,TTFT (ms),avg TPS (without prefill),avg TPS (with prefill),Total Time (ms),TPS (without prefill),TPS (with prefill),Error,avg input Tokens,avg output Tokens
1,2048,2048,298.8946,46.6087,46.3279,46127.67481803894,46.6087,46.3279,,2048,2137
8,2048,2048,1437.5178,41.3668,40.2047,53467.07081794739,330.9344,321.6372,,2048,2149
16,2048,2048,2542.36,34.3233,32.8932,65446.60115242005,549.173,526.2917,,2048,2152
32,2048,2048,4745.267,26.4316,24.8413,86666.50915145874,845.8099,794.9207,,2048,2152
64,2048,2048,9232.9941,18.1132,16.6495,129245.93496322632,1159.2457,1065.5654,,2048,2151
128,2048,2048,18892.0054,10.7133,8.6519,248623.83031845093,1371.2985,1107.4401,,2048,2151
256,2048,2048,96882.4099,8.8287,4.5732,470368.287563324,2260.1385,1170.7464,,2048,2151
