Process Num,Input Length,Output Length,TTFT (ms),avg TPS (without prefill),avg TPS (with prefill),Total Time (ms),TPS (without prefill),TPS (with prefill),Error,avg input Tokens,avg output Tokens
1,2048,2048,130.2593,58.9637,58.7816,36814.23473358154,58.9637,58.7816,,2048,2164
8,2048,2048,491.489,52.4528,51.7718,41678.09510231018,419.6221,414.1744,,2048,2157
16,2048,2048,854.1975,48.9509,47.8757,44769.57321166992,783.2149,766.0113,,2048,2143
32,2048,2048,1577.5357,37.052,35.8767,59988.497734069824,1185.6637,1148.0534,,2048,2152
64,2048,2048,3143.0547,24.4873,23.4264,91770.23220062256,1567.1854,1499.2879,,2048,2149
128,2048,2048,7002.951,15.6886,11.7981,182510.64538955688,2008.146,1510.1585,,2048,2153
256,2048,2048,84201.3565,16.0723,6.1158,351934.7152709961,4114.5135,1565.6512,,2047,2152
