Process Num,Input Length,Output Length,TTFT (ms),avg TPS (without prefill),avg TPS (with prefill),Total Time (ms),TPS (without prefill),TPS (with prefill),Error,avg input Tokens,avg output Tokens
1,2048,2048,176.0142,57.3035,57.0615,37643.62382888794,57.3035,57.0615,,2048,2148
8,2048,2048,794.4617,51.8692,50.8305,42179.36706542969,414.9534,406.6443,,2048,2144
16,2048,2048,1391.3163,45.4246,44.0064,48913.3768081665,726.7933,704.1019,,2048,2152
32,2048,2048,2561.8415,36.8362,35.0941,61299.524784088135,1178.7593,1123.0103,,2048,2151
64,2048,2048,4980.6301,26.0708,24.3458,88334.49482917786,1668.5317,1558.1342,,2048,2150
128,2048,2048,10317.3239,17.2877,15.69,137017.66514778137,2212.8226,2008.325,,2048,2149
256,2048,2048,22611.8247,9.549,7.2404,296999.2001056671,2444.5486,1853.5437,,2048,2150
