Process Num,Input Length,Output Length,TTFT (ms),avg TPS (without prefill),avg TPS (with prefill),Total Time (ms),TPS (without prefill),TPS (with prefill),Error,avg input Tokens,avg output Tokens
1,2048,2048,156.9207,60.7632,60.522,35491.20283126831,60.7632,60.522,,2048,2148
8,2048,2048,672.5101,52.7191,51.8007,41379.72664833069,421.7528,414.4058,,2048,2143
16,2048,2048,1203.5604,47.262,45.913,46879.39834594727,756.1916,734.6084,,2048,2152
32,2048,2048,2150.9449,39.9257,38.1725,56360.88705062866,1277.6208,1221.5209,,2048,2151
64,2048,2048,4164.7081,30.0903,28.1369,76438.8599395752,1925.7789,1800.7595,,2048,2150
128,2048,2048,8652.187,20.7211,18.7724,114529.47425842284,2652.3007,2402.8662,,2048,2149
256,2048,2048,19189.6069,11.7358,8.9032,241552.27756500244,3004.3703,2279.2209,,2048,2150
