Process Num,Input Length,Output Length,TTFT (ms),avg TPS (without prefill),avg TPS (with prefill),Total Time (ms),TPS (without prefill),TPS (with prefill),Error,avg input Tokens,avg output Tokens
1,2048,2048,75.4097,125.757,125.2627,17243.75867843628,125.757,125.2627,,2048,2160
8,2048,2048,262.8172,93.0331,91.8793,23385.29348373413,744.265,735.0346,,2048,2148
16,2048,2048,451.3372,73.8576,72.5594,29588.68956565857,1181.7216,1160.9504,,2048,2146
32,2048,2048,842.3675,52.3996,51.1036,42154.60014343262,1676.7878,1635.3138,,2048,2154
64,2048,2048,1696.9183,33.2329,32.1143,67133.78500938416,2126.9035,2055.3139,,2048,2155
128,2048,2048,4029.1143,20.0984,18.3434,117426.44357681274,2572.596,2347.955,,2048,2154
256,2048,2048,31119.9322,15.5808,9.0452,237934.94319915771,3988.6855,2315.5657,,2048,2152
