Process Num,Input Length,Output Length,TTFT (ms),avg TPS (without prefill),avg TPS (with prefill),Total Time (ms),TPS (without prefill),TPS (with prefill),Error,avg input Tokens,avg output Tokens
1,2048,2048,467.9494,10.7631,10.7419,190654.4358730316,10.7631,10.7419,,2048,2048
8,2048,2048,2379.825,10.3168,10.1801,201165.3232574463,82.5342,81.4405,,2048,2047
16,2048,2048,4218.6852,9.3414,9.026,226892.64392852783,149.4625,144.4163,,2048,2047
32,2048,2048,8098.7997,8.4188,7.7395,264614.9802207947,269.4028,247.6655,,2048,2048
64,2048,2048,16556.9652,5.5933,4.7797,428464.5471572876,357.9724,305.8993,,2048,2047
128,2048,2048,16323.1747,3.6314,3.3495,611433.1052303314,228.7773,211.0174,本次测试失败的请求数: 65,2048,2047
