Process Num,Input Length,Output Length,TTFT (ms),avg TPS (without prefill),avg TPS (with prefill),Total Time (ms),TPS (without prefill),TPS (with prefill),Error,avg input Tokens,avg output Tokens
1,2048,2048,120.9881,79.523,79.2081,27471.954584121704,79.523,79.2081,,2048,2176
8,2048,2048,490.6865,61.0376,60.1303,35684.98158454895,488.3007,481.0427,,2048,2145
16,2048,2048,860.9958,50.3672,49.2421,43625.05888938904,805.8748,787.8729,,2048,2148
32,2048,2048,1592.1221,36.84,35.686,60253.8628578186,1178.8804,1141.9517,,2048,2150
64,2048,2048,3204.0705,24.4141,23.354,92256.16765022278,1562.5046,1494.6535,,2048,2154
128,2048,2048,7049.7447,15.5641,11.7659,182970.6404209137,1992.2055,1506.0394,,2048,2152
256,2048,2048,84983.0873,15.9029,6.0569,355185.44363975525,4071.1306,1550.5675,,2048,2151
