Process Num,Input Length,Output Length,TTFT (ms),avg TPS (without prefill),avg TPS (with prefill),Total Time (ms),TPS (without prefill),TPS (with prefill),Error,avg input Tokens,avg output Tokens
1,2048,2048,122.9768,44.8284,44.7295,45786.35859489441,44.8284,44.7295,,2048,2048
8,2048,2048,534.876,38.1268,37.7071,54306.78176879883,305.0145,301.6566,,2048,2047
16,2048,2048,947.0622,36.8263,36.1013,56724.0195274353,589.2207,577.6213,,2048,2047
32,2048,2048,1765.3458,29.3641,28.4853,71889.00351524353,939.6522,911.5302,,2048,2047
64,2048,2048,3500.3376,20.5224,19.6394,104274.40452575684,1313.4363,1256.924,,2048,2047
128,2048,2048,7599.0939,13.5891,10.3656,197564.43524360657,1739.4057,1326.7975,,2048,2047
256,2048,2048,81915.1662,12.6646,5.2469,390304.6078681946,3242.1442,1343.1996,,2048,2047
