Process Num,Input Length,Output Length,TTFT (ms),avg TPS (without prefill),avg TPS (with prefill),Total Time (ms),TPS (without prefill),TPS (with prefill),Error,avg input Tokens,avg output Tokens
1,2048,2048,175.8091,59.3066,59.0477,36495.93043327332,59.3066,59.0477,,2048,2155
8,2048,2048,770.1229,47.4231,46.5808,46199.25141334534,379.3845,372.6467,,2048,2152
16,2048,2048,1327.7411,40.254,39.1729,54878.432750701904,644.064,626.7672,,2048,2149
32,2048,2048,2448.8011,31.178,29.9429,71880.5980682373,997.695,958.1723,,2048,2152
64,2048,2048,4818.0381,21.4964,20.3173,105951.85351371764,1375.7694,1300.3076,,2048,2152
128,2048,2048,10432.4647,14.0518,9.6083,223978.40666770932,1798.6328,1229.8641,,2048,2152
256,2048,2048,120287.8552,15.1693,5.3045,405685.4727268219,3883.3489,1357.9486,,2048,2151
