Process Num,Input Length,Output Length,TTFT (ms),avg TPS (without prefill),avg TPS (with prefill),Total Time (ms),TPS (without prefill),TPS (with prefill),Error,avg input Tokens,avg output Tokens
1,2048,2048,265.255,44.7365,44.5109,48280.29656410217,44.7365,44.5109,,2048,2149
8,2048,2048,1225.4842,38.3712,37.506,57274.21855926514,306.9692,300.0477,,2048,2148
16,2048,2048,2158.3426,35.3999,34.0773,63071.6187953949,566.3992,545.2373,,2048,2149
32,2048,2048,3983.2344,28.9226,27.2954,78899.4574546814,925.5246,873.4534,,2048,2153
64,2048,2048,7725.8393,22.1531,20.3014,106259.02342796326,1417.7966,1299.2873,,2048,2157
128,2048,2048,15905.2077,15.0093,13.1927,163235.20827293396,1921.1914,1688.6676,,2048,2153
256,2048,2048,52544.744,9.8286,5.783,372405.9693813324,2516.1088,1480.4435,,2048,2153
