Process Num,Input Length,Output Length,TTFT (ms),avg TPS (without prefill),avg TPS (with prefill),Total Time (ms),TPS (without prefill),TPS (with prefill),Error,avg input Tokens,avg output Tokens
1,2048,2048,162.236,57.9747,57.7475,37144.44708824158,57.9747,57.7475,,2048,2145
8,2048,2048,763.653,47.4536,46.6147,46187.18862533569,379.6289,372.9173,,2048,2153
16,2048,2048,1334.6727,40.2797,39.194,54992.43903160095,644.4749,627.1044,,2048,2155
32,2048,2048,2466.9997,31.0884,29.8622,72230.64184188843,994.8292,955.5917,,2048,2156
64,2048,2048,4887.4885,21.3699,20.1913,106637.9222869873,1367.675,1292.242,,2048,2153
128,2048,2048,10466.8746,13.9733,9.5287,225635.5583667755,1788.5772,1219.6792,,2048,2150
256,2048,2048,121228.7182,15.0559,5.2645,408989.8774623871,3854.3218,1347.718,,2048,2153
