Process Num,Input Length,Output Length,TTFT (ms),avg TPS (without prefill),avg TPS (with prefill),Total Time (ms),TPS (without prefill),TPS (with prefill),Error,avg input Tokens,avg output Tokens
1,2048,2048,66.0293,77.1236,76.9774,28151.124715805054,77.1236,76.9774,,2048,2167
8,2048,2048,178.8842,68.226,67.7575,31601.650953292847,545.8081,542.0603,,2048,2141
16,2048,2048,289.7836,71.3026,70.4423,30541.842460632324,1140.842,1127.0767,,2048,2151
32,2048,2048,553.5442,58.4033,57.2004,37723.18458557129,1868.9056,1830.4128,,2048,2157
64,2048,2048,1148.7914,35.9735,34.9708,61610.36920547485,2302.3054,2238.1297,,2048,2154
128,2048,2048,2924.0886,21.3631,19.812,108650.48503875732,2734.4796,2535.9298,,2048,2152
256,2048,2048,24428.5245,16.1776,9.7492,220739.4895553589,4141.4744,2495.7881,,2048,2152
