Process Num,Input Length,Output Length,TTFT (ms),avg TPS (without prefill),avg TPS (with prefill),Total Time (ms),TPS (without prefill),TPS (with prefill),Error,avg input Tokens,avg output Tokens
1,2048,2048,68.5825,166.6778,165.864,12890.080690383911,166.6778,165.864,,2048,2138
8,2048,2048,190.5849,145.0472,143.0295,14962.826251983644,1160.3774,1144.2357,,2048,2140
16,2048,2048,331.8842,133.3496,130.2825,16516.03603363037,2133.5933,2084.5195,,2048,2151
32,2048,2048,553.1384,99.7245,96.7464,22214.97917175293,3191.1832,3095.8841,,2048,2149
64,2048,2048,1057.4732,67.4497,64.6994,33262.97879219055,4316.7787,4140.7596,,2048,2152
128,2048,2048,2394.3624,41.8662,39.3691,54629.86564636231,5358.8756,5039.2399,,2047,2150
256,2048,2048,6410.303,22.4424,20.423,105322.75605201721,5745.2555,5228.3003,,2048,2151
