Process Num,Input Length,Output Length,TTFT (ms),avg TPS (without prefill),avg TPS (with prefill),Total Time (ms),TPS (without prefill),TPS (with prefill),Error,avg input Tokens,avg output Tokens
1,2048,2048,312.6209,27.6481,27.5451,74350.71611404419,27.6481,27.5451,,2048,2048
8,2048,2048,1492.9458,18.9738,18.6938,109555.07469177246,151.7905,149.5504,,2048,2048
16,2048,2048,2618.082,17.5499,17.1152,119655.7195186615,280.7981,273.844,,2048,2047
32,2048,2048,4838.0592,15.8086,15.1466,135209.42997932434,505.8762,484.6925,,2048,2047
64,2048,2048,9382.9233,12.1653,11.396,179704.06126976013,778.582,729.3436,,2048,2047
128,2048,2048,19167.7715,8.8413,8.0025,255911.69118881223,1131.6911,1024.3221,,2048,2047
256,2048,2048,42362.7533,5.8083,4.339,471987.6265525818,1486.9195,1110.7897,,2047,2047
