Process Num,Input Length,Output Length,TTFT (ms),avg TPS (without prefill),avg TPS (with prefill),Total Time (ms),TPS (without prefill),TPS (with prefill),Error,avg input Tokens,avg output Tokens
1,2048,2048,64.7974,85.7039,85.521,25069.85664367676,85.7039,85.521,,2048,2144
8,2048,2048,231.2224,72.4628,71.804,29860.78310012817,579.7026,574.4324,,2048,2144
16,2048,2048,368.1809,70.1911,69.1543,31119.72188949585,1123.0575,1106.4688,,2048,2152
32,2048,2048,682.8288,65.3066,63.5553,33798.30360412598,2089.8119,2033.7707,,2048,2148
64,2048,2048,1290.7438,55.5131,53.0892,40514.09363746643,3552.8388,3397.7065,,2048,2150
128,2048,2048,2961.9028,37.2619,34.7666,61882.93409347534,4769.5277,4450.1284,,2048,2151
256,2048,2048,7374.3184,21.4958,19.389,110925.16994476318,5502.9256,4963.5894,,2048,2150
