Process Num,Input Length,Output Length,TTFT (ms),avg TPS (without prefill),avg TPS (with prefill),Total Time (ms),TPS (without prefill),TPS (with prefill),Error,avg input Tokens,avg output Tokens
1,2048,2048,195.6663,41.4013,41.2579,49638.91863822937,41.4013,41.2579,,2048,2048
8,2048,2048,881.4893,36.4334,35.8273,57156.09169006348,291.4671,286.6186,,2048,2047
16,2048,2048,1555.7483,31.0597,30.2637,67671.7438697815,496.9544,484.2198,,2048,2048
32,2048,2048,2888.6455,25.6027,24.5777,83326.1616230011,819.2879,786.4877,,2048,2047
64,2048,2048,5655.8453,18.3544,17.2978,118395.34544944765,1174.6785,1107.0621,,2048,2047
128,2048,2048,12125.4783,12.1664,8.6956,235519.2677974701,1557.2997,1113.0427,,2048,2047
256,2048,2048,116855.4261,12.3416,4.5376,451324.55921173096,3159.4378,1161.6164,,2048,2047
