Process Num,Input Length,Output Length,TTFT (ms),avg TPS (without prefill),avg TPS (with prefill),Total Time (ms),TPS (without prefill),TPS (with prefill),Error,avg input Tokens,avg output Tokens
1,2048,2048,529.0816,12.9231,12.8864,158927.45232582092,12.9231,12.8864,,2048,2048
8,2048,2048,2691.4504,10.8697,10.7036,191313.7562274933,86.9573,85.629,,2048,2047
16,2048,2048,4749.4831,10.184,9.9199,206452.7354240417,162.944,158.7191,,2048,2048
32,2048,2048,8812.8547,8.8528,8.478,241565.5303001404,283.2891,271.297,,2047,2048
64,2048,2048,17049.6626,7.557,7.0261,291485.1849079132,483.6494,449.6729,,2048,2048
128,2048,2048,34617.2112,5.3869,3.71,551997.2288608551,689.5169,474.8846,,2048,2047
256,2048,2048,234446.0038,5.0772,1.9614,1044107.5003147125,1299.7677,502.1284,,2048,2047
