Process Num,Input Length,Output Length,TTFT (ms),avg TPS (without prefill),avg TPS (with prefill),Total Time (ms),TPS (without prefill),TPS (with prefill),Error,avg input Tokens,avg output Tokens
1,2048,2048,543.19,21.4604,21.354,100215.54040908812,21.4604,21.354,,2048,2140
8,2048,2048,2690.9323,18.8412,18.3849,116719.4516658783,150.7293,147.0792,,2048,2145
16,2048,2048,4762.0675,16.9306,16.2703,132330.87277412415,270.8904,260.3247,,2048,2153
32,2048,2048,8846.3209,14.2845,13.4122,160474.61366653442,457.1033,429.1894,,2048,2152
64,2048,2048,16983.8106,11.4703,9.856,218034.19518470764,734.1002,630.7864,,2048,2148
128,2048,2048,55235.0068,8.6934,5.0239,428089.8952484131,1112.7492,643.0635,,2048,2150
256,2048,2048,256325.281,8.2663,2.4767,867694.3848133087,2116.1818,634.0297,,2048,2149
