Process Num,Input Length,Output Length,TTFT (ms),avg TPS (without prefill),avg TPS (with prefill),Total Time (ms),TPS (without prefill),TPS (with prefill),Error,avg input Tokens,avg output Tokens
1,2048,2048,235.4023,27.9457,27.8696,73484.9681854248,27.9457,27.8696,,2048,2048
8,2048,2048,1041.0675,14.6865,14.5836,140423.1083393097,117.492,116.6688,,2048,2047
16,2048,2048,1632.4618,14.3852,14.2249,143973.28662872314,230.1635,227.5978,,2048,2048
32,2048,2048,2615.7664,11.3828,11.217,182579.3893337249,364.2499,358.9452,,2048,2048
64,2048,2048,4567.0043,10.9808,10.7062,191290.4613018036,702.7691,685.1936,,2048,2047
128,2048,2048,8530.2917,8.9022,8.5611,239212.6739025116,1139.4853,1095.8199,,2048,2047
256,2048,2048,16500.15,7.2532,6.8141,300542.6821708679,1856.8202,1744.3978,,2048,2047
