Process Num,Input Length,Output Length,TTFT (ms),avg TPS (without prefill),avg TPS (with prefill),Total Time (ms),TPS (without prefill),TPS (with prefill),Error,avg input Tokens,avg output Tokens
1,2048,2048,284.4336,37.7087,37.5377,56956.045389175415,37.7087,37.5377,,2048,2138
8,2048,2048,1375.0522,34.2704,33.4934,64064.83244895935,274.1631,267.9473,,2048,2145
16,2048,2048,2441.9011,30.9119,29.7764,72301.47433280945,494.5907,476.4218,,2048,2152
32,2048,2048,4533.6002,24.941,23.5593,91394.48404312134,798.1104,753.8967,,2048,2153
64,2048,2048,8779.8968,18.5193,17.0412,126139.9540901184,1185.2367,1090.6378,,2048,2149
128,2048,2048,17874.5883,12.0606,10.7675,199740.36836624143,1543.7522,1378.2442,,2048,2150
256,2048,2048,38541.0214,7.1107,4.9302,436170.1946258545,1820.3518,1262.1243,,2048,2150
