Process Num,Input Length,Output Length,TTFT (ms),avg TPS (without prefill),avg TPS (with prefill),Total Time (ms),TPS (without prefill),TPS (with prefill),Error,avg input Tokens,avg output Tokens
1,2048,2048,78.6011,53.555,53.4706,38282.73820877075,53.555,53.4706,,2048,2047
8,2048,2048,285.797,48.9921,48.6021,42135.4877948761,391.9369,388.8171,,2048,2047
16,2048,2048,474.1217,48.0153,47.344,43252.57515907288,768.2455,757.504,,2048,2047
32,2048,2048,890.5481,42.7089,41.6748,49141.70980453491,1366.6864,1333.5922,,2048,2047
64,2048,2048,1815.9771,28.7455,27.7602,73773.63109588623,1839.7106,1776.6511,,2048,2047
128,2048,2048,4057.7916,18.2884,16.5155,123994.57740783691,2340.9105,2113.9876,,2048,2047
256,2048,2048,30943.8533,13.6532,8.0593,254107.34820365906,3495.2214,2063.1713,,2048,2047
