Process Num,Input Length,Output Length,TTFT (ms),avg TPS (without prefill),avg TPS (with prefill),Total Time (ms),TPS (without prefill),TPS (with prefill),Error,avg input Tokens,avg output Tokens
1,2048,2048,161.541,61.8536,61.5951,34872.92003631592,61.8536,61.5951,,2048,2148
8,2048,2048,679.951,52.324,51.4127,41692.049503326416,418.5922,411.3014,,2048,2143
16,2048,2048,1191.3368,47.2591,45.9253,46866.86325073242,756.1453,734.8049,,2048,2152
32,2048,2048,2166.1992,40.3675,38.569,55783.9572429657,1291.7595,1234.2079,,2048,2151
64,2048,2048,4173.871,30.3067,28.3259,75927.1936416626,1939.6265,1812.8551,,2048,2150
128,2048,2048,8674.7776,20.9182,18.9281,113586.6403579712,2677.5333,2422.8025,,2048,2149
256,2048,2048,19192.5094,11.759,8.9302,240825.4783153534,3010.3165,2286.1327,,2048,2150
