Process Num,Input Length,Output Length,TTFT (ms),avg TPS (without prefill),avg TPS (with prefill),Total Time (ms),TPS (without prefill),TPS (with prefill),Error,avg input Tokens,avg output Tokens
1,2048,2048,301.3127,26.5877,26.4968,77292.23895072937,26.5877,26.4968,,2048,2048
8,2048,2048,1432.049,23.5157,23.1075,88629.29344177246,188.1255,184.8599,,2048,2048
16,2048,2048,2546.3066,20.8865,20.3014,100879.57310676576,334.1838,324.8229,,2048,2048
32,2048,2048,4747.5807,15.0245,14.4485,141744.72165107727,480.7841,462.3523,,2048,2048
64,2048,2048,9244.7167,10.6308,9.6598,212009.2961788177,680.3742,618.2276,,2047,2047
128,2048,2048,41690.1936,8.0221,4.8635,421082.263469696,1026.8244,622.5339,,2048,2047
256,2048,2048,241918.8315,7.7021,2.4363,840630.5644512177,1971.7453,623.6842,,2048,2048
