Process Num,Input Length,Output Length,TTFT (ms),avg TPS (without prefill),avg TPS (with prefill),Total Time (ms),TPS (without prefill),TPS (with prefill),Error,avg input Tokens,avg output Tokens
1,2048,2048,262.9347,29.5147,29.4215,72668.06054115295,29.5147,29.4215,,2048,2138
8,2048,2048,1277.4004,27.7056,27.2222,78818.89462471008,221.6445,217.7777,,2048,2145
16,2048,2048,2232.2239,26.7934,25.9771,82873.59046936035,428.694,415.633,,2048,2152
32,2048,2048,4132.1164,22.8237,21.737,99063.44509124756,730.3591,695.5845,,2048,2153
64,2048,2048,7977.6269,19.0822,17.618,122012.9532814026,1221.2585,1127.5524,,2048,2149
128,2048,2048,16245.7503,13.8787,12.3052,174786.3597869873,1776.4728,1575.06,,2048,2150
256,2048,2048,34419.9296,7.9532,5.475,392753.0496120453,2036.0302,1401.5881,,2048,2150
