Process Num,Input Length,Output Length,TTFT (ms),avg TPS (without prefill),avg TPS (with prefill),Total Time (ms),TPS (without prefill),TPS (with prefill),Error,avg input Tokens,avg output Tokens
1,2048,2048,714.0996,16.3043,16.2236,131906.9218635559,16.3043,16.2236,,2048,2140
8,2048,2048,3664.9079,15.1515,14.7509,145482.666015625,121.2122,118.0072,,2048,2146
16,2048,2048,6507.1187,14.1166,13.4961,159522.35174179077,225.8655,215.9384,,2048,2152
32,2048,2048,12113.1836,12.5785,11.6688,184439.151763916,402.5109,373.4023,,2048,2152
64,2048,2048,23356.739,9.5489,7.6231,281935.4078769684,611.128,487.8777,,2048,2149
128,2048,2048,91276.0596,6.6827,3.7446,574399.6024131775,855.3891,479.3074,,2047,2150
256,2048,2048,388665.6561,6.382,1.7954,1197101.589679718,1633.7933,459.6185,,2048,2149
