Process Num,Input Length,Output Length,TTFT (ms),avg TPS (without prefill),avg TPS (with prefill),Total Time (ms),TPS (without prefill),TPS (with prefill),Error,avg input Tokens,avg output Tokens
1,2048,2048,303.4263,26.8377,26.7443,76576.98965072632,26.8377,26.7443,,2048,2048
8,2048,2048,1454.1921,23.9267,23.4994,87151.19171142578,191.4137,187.9951,,2048,2048
16,2048,2048,2569.3931,21.4987,20.8735,98117.64001846312,343.9797,333.9766,,2048,2048
32,2048,2048,4743.4611,14.9777,14.4061,142161.57865524292,479.2868,460.9966,,2048,2048
64,2048,2048,9266.4398,10.6966,9.7058,211007.6959133148,684.5836,621.1717,,2048,2048
128,2048,2048,41613.4332,8.0645,4.892,418637.2811794281,1032.2586,626.1721,,2048,2047
256,2048,2048,240491.0189,7.7667,2.4552,834148.4797000885,1988.2836,628.5308,,2048,2048
