Process Num,Input Length,Output Length,TTFT (ms),avg TPS (without prefill),avg TPS (with prefill),Total Time (ms),TPS (without prefill),TPS (with prefill),Error,avg input Tokens,avg output Tokens
1,2048,2048,549.2938,22.7777,22.6557,94457.47113227844,22.7777,22.6557,,2048,2140
8,2048,2048,2760.9932,15.2196,14.9103,143919.043302536,121.757,119.2823,,2048,2145
16,2048,2048,4893.3232,14.3739,13.8769,155163.29073905945,229.9829,222.0306,,2048,2153
32,2048,2048,9076.285,13.368,12.5709,171216.25566482544,427.7773,402.269,,2048,2152
64,2048,2048,17453.0923,10.5574,9.1476,234922.37782478333,675.6714,585.4487,,2048,2148
128,2048,2048,56403.8014,7.8602,4.5618,471472.15700149536,1006.1062,583.9051,,2048,2150
256,2048,2048,273963.7819,7.638,2.2779,943520.4741954803,1955.3218,583.1394,,2048,2149
