Process Num,Input Length,Output Length,TTFT (ms),avg TPS (without prefill),avg TPS (with prefill),Total Time (ms),TPS (without prefill),TPS (with prefill),Error,avg input Tokens,avg output Tokens
1,2048,2048,536.4425,14.3441,14.2973,143243.87288093567,14.3441,14.2973,,2048,2048
8,2048,2048,2701.9398,10.9147,10.7473,190548.47764968872,87.3177,85.9781,,2048,2047
16,2048,2048,4801.0343,10.1609,9.8959,206948.6534595489,162.575,158.334,,2048,2047
32,2048,2048,8916.751,9.0887,8.6895,235676.0103702545,290.8385,278.0639,,2048,2047
64,2048,2048,17239.203,7.3827,6.8715,298037.8172397613,472.4943,439.7764,,2048,2047
128,2048,2048,35182.8117,5.0042,3.524,581132.0655345917,640.5356,451.0713,,2048,2047
256,2048,2048,246510.4164,4.7903,1.8631,1099199.3725299835,1226.325,476.9635,,2048,2047
