Process Num,Input Length,Output Length,TTFT (ms),avg TPS (without prefill),avg TPS (with prefill),Total Time (ms),TPS (without prefill),TPS (with prefill),Error,avg input Tokens,avg output Tokens
1,2048,2048,60.5648,51.7958,51.7413,39581.50982856751,51.7958,51.7413,,2048,2048
8,2048,2048,206.2401,46.7885,46.5131,44009.10711288452,374.308,372.1048,,2048,2047
16,2048,2048,329.0305,46.8299,46.3377,44194.59056854248,749.2783,741.403,,2048,2047
32,2048,2048,606.3178,43.2656,42.4321,48249.85313415527,1384.498,1357.828,,2048,2047
64,2048,2048,1223.6384,30.2225,29.382,69684.00454521179,1934.238,1880.4459,,2048,2047
128,2048,2048,3082.2057,18.6221,17.2276,118852.09965705872,2383.6242,2205.1356,,2047,2047
256,2048,2048,24711.7973,14.1318,8.5578,239256.9193840027,3617.7325,2190.7998,,2048,2047
