Process Num,Input Length,Output Length,TTFT (ms),avg TPS (without prefill),avg TPS (with prefill),Total Time (ms),TPS (without prefill),TPS (with prefill),Error,avg input Tokens,avg output Tokens
1,2048,2048,728.627,7.68,7.6628,267264.6555900574,7.68,7.6628,,2048,2048
8,2048,2048,3667.6342,6.5474,6.4641,316829.0104866028,52.3792,51.7124,,2048,2048
16,2048,2048,6518.3339,6.1389,6.0039,341100.8825302124,98.2219,96.0625,,2048,2047
32,2048,2048,12193.3158,5.506,5.2989,386492.7763938904,176.1911,169.5659,,2048,2048
64,2048,2048,29968.11,4.1463,2.5724,796116.4875030518,265.362,164.6342,,2048,2047
128,2048,2048,374211.1649,4.4524,1.4987,1366505.3486824036,569.9133,191.8302,,2048,2047
256,2048,2048,997761.0235,4.3117,0.7922,2585083.85181427,1103.7929,202.8101,,2048,2047
