Process Num,Input Length,Output Length,TTFT (ms),avg TPS (without prefill),avg TPS (with prefill),Total Time (ms),TPS (without prefill),TPS (with prefill),Error,avg input Tokens,avg output Tokens
1,2048,2048,159.9422,67.7373,67.4237,31442.936897277832,67.7373,67.4237,,2048,2120
8,2048,2048,751.6259,28.743,28.4264,75651.41463279724,229.9443,227.4115,,2048,2150
16,2048,2048,1295.4276,26.4586,25.9706,82725.60477256775,423.3381,415.5304,,2048,2148
32,2048,2048,2377.6967,21.2603,20.66,104071.70557975768,680.3295,661.1211,,2048,2150
64,2048,2048,4585.2348,18.9933,18.049,119451.092004776,1215.573,1155.1339,,2048,2155
128,2048,2048,9608.2744,14.1727,13.054,164943.73226165771,1814.1066,1670.9092,,2048,2153
256,2048,2048,31070.8724,10.1748,6.2384,345189.81981277466,2604.76,1597.0344,,2048,2153
