Process Num,Input Length,Output Length,TTFT (ms),avg TPS (without prefill),avg TPS (with prefill),Total Time (ms),TPS (without prefill),TPS (with prefill),Error,avg input Tokens,avg output Tokens
1,2048,2048,72.4676,74.8642,74.7103,28911.672115325928,74.8642,74.7103,,2048,2160
8,2048,2048,256.5903,66.4035,65.7933,32621.10424041748,531.2283,526.3464,,2048,2146
16,2048,2048,437.6437,64.2265,63.1996,33999.42445755005,1027.6243,1011.1936,,2048,2148
32,2048,2048,803.8766,52.0546,50.7816,42433.52746963501,1665.7457,1625.0122,,2048,2154
64,2048,2048,1656.2382,33.5101,32.3723,66546.11825942993,2144.6438,2071.8263,,2048,2154
128,2048,2048,3895.6338,20.4047,18.3831,117092.63849258424,2611.8045,2353.0429,,2048,2152
256,2048,2048,31010.2604,15.6857,9.1129,236240.3073310852,4015.5377,2332.8915,,2048,2152
