Process Num,Input Length,Output Length,TTFT (ms),avg TPS (without prefill),avg TPS (with prefill),Total Time (ms),TPS (without prefill),TPS (with prefill),Error,avg input Tokens,avg output Tokens
1,2048,2048,165.6368,25.6068,25.5677,83308.12621116638,25.6068,25.5677,,2048,2130
8,2048,2048,734.1887,22.6504,22.4482,96021.14701271056,181.2033,179.5854,,2048,2155
16,2048,2048,1292.5097,22.7253,22.3514,96274.85179901125,363.6041,357.6219,,2048,2151
32,2048,2048,2354.0751,20.8515,20.2564,106196.3541507721,667.2476,648.2049,,2048,2151
64,2048,2048,4562.0256,18.1918,17.3078,124463.27018737792,1164.2767,1107.7003,,2048,2154
128,2048,2048,9580.5805,14.2887,13.1295,163898.357629776,1828.953,1680.5721,,2048,2151
256,2048,2048,31734.3296,9.6436,5.9959,359402.3370742798,2468.7616,1534.9483,,2047,2154
