Process Num,Input Length,Output Length,TTFT (ms),avg TPS (without prefill),avg TPS (with prefill),Total Time (ms),TPS (without prefill),TPS (with prefill),Error,avg input Tokens,avg output Tokens
1,2048,2048,79.7679,90.2156,89.9422,22770.19023895264,90.2156,89.9422,,2048,2048
8,2048,2048,284.4781,72.0725,71.277,28732.98072814941,576.5802,570.2158,,2048,2048
16,2048,2048,472.6897,58.4954,57.567,35578.10139656067,935.9268,921.0722,,2048,2048
32,2048,2048,879.3827,43.5591,42.5486,48130.950927734375,1393.8908,1361.5563,,2048,2047
64,2048,2048,1791.2412,28.7586,27.8026,73659.31677818298,1840.5475,1779.3676,,2048,2047
128,2048,2048,4163.1367,18.0778,16.6156,123253.08752059937,2313.9572,2126.8027,,2048,2047
256,2048,2048,31020.286,13.5861,8.024,255225.43907165527,3478.0491,2054.1487,,2048,2047
