Process Num,Input Length,Output Length,TTFT (ms),avg TPS (without prefill),avg TPS (with prefill),Total Time (ms),TPS (without prefill),TPS (with prefill),Error,avg input Tokens,avg output Tokens
1,2048,2048,317.0431,17.0596,17.0229,120308.54630470276,17.0596,17.0229,,2048,2048
8,2048,2048,1680.0399,15.9319,15.7326,130175.91214179993,127.4553,125.8605,,2048,2048
16,2048,2048,2823.1291,14.8499,14.5544,140709.12075042725,237.5982,232.8705,,2048,2047
32,2048,2048,4710.5346,12.801,12.43,164762.8936767578,409.6304,397.7595,,2048,2048
64,2048,2048,8438.5323,10.6951,10.2304,200186.39492988584,684.4879,654.7448,,2048,2047
128,2048,2048,15815.8487,8.4408,7.9,259235.23020744324,1080.4266,1011.1974,,2048,2047
256,2048,2048,30726.2021,5.4538,3.6332,563690.3829574585,1396.1764,930.0957,,2048,2047
