Process Num,Input Length,Output Length,TTFT (ms),avg TPS (without prefill),avg TPS (with prefill),Total Time (ms),TPS (without prefill),TPS (with prefill),Error,avg input Tokens,avg output Tokens
1,2048,2048,729.749,7.611,7.5941,269682.2929382324,7.611,7.5941,,2048,2048
8,2048,2048,3658.0222,6.5916,6.5073,314723.459482193,52.7332,52.0584,,2048,2048
16,2048,2048,6530.0135,6.124,5.9896,341926.9914627075,97.9845,95.8333,,2048,2048
32,2048,2048,12142.6271,5.5253,5.3177,385126.264333725,176.809,170.1676,,2048,2048
64,2048,2048,29840.6057,4.1859,2.5968,788645.655632019,267.9003,166.1963,,2048,2047
128,2048,2048,371648.1627,4.4944,1.5128,1353726.2723445892,575.2886,193.6433,,2048,2047
256,2048,2048,987610.43,4.3461,0.7997,2561026.010274887,1112.6045,204.7144,,2048,2047
