Process Num,Input Length,Output Length,TTFT (ms),avg TPS (without prefill),avg TPS (with prefill),Total Time (ms),TPS (without prefill),TPS (with prefill),Error,avg input Tokens,avg output Tokens
1,2048,2048,296.15,38.0666,37.8845,56487.51282691956,38.0666,37.8845,,2048,2140
8,2048,2048,1436.1657,34.8683,34.0317,63411.39221191406,278.9463,272.2539,,2048,2158
16,2048,2048,2573.8284,31.2339,30.0209,71677.14381217957,499.7422,480.3344,,2048,2151
32,2048,2048,4739.5188,25.8787,24.3376,88289.2735004425,828.1174,778.8036,,2048,2148
64,2048,2048,9147.948,19.538,17.8438,120628.71813774107,1250.4324,1142.0,,2048,2152
128,2048,2048,18827.9702,12.6365,11.1714,192861.69385910037,1617.473,1429.9418,,2048,2154
256,2048,2048,41077.0699,7.2857,5.0377,427409.33656692505,1865.1393,1289.656,,2048,2153
