Process Num,Input Length,Output Length,TTFT (ms),avg TPS (without prefill),avg TPS (with prefill),Total Time (ms),TPS (without prefill),TPS (with prefill),Error,avg input Tokens,avg output Tokens
1,2048,2048,264.396,51.0248,50.7297,42440.64235687256,51.0248,50.7297,,2048,2153
8,2048,2048,1244.821,42.0895,41.036,52371.75273895264,336.7162,328.2877,,2048,2149
16,2048,2048,2203.1185,37.7193,36.2095,59493.97540092468,603.5083,579.3528,,2048,2154
32,2048,2048,4080.7979,28.1451,26.5719,80901.97420120239,900.6447,850.3006,,2048,2149
64,2048,2048,7892.1688,21.3194,19.5677,110085.18242836,1364.4396,1252.3302,,2048,2154
128,2048,2048,16164.2002,13.4743,11.986,179475.61502456665,1724.7158,1534.2028,,2048,2151
256,2048,2048,54167.9854,9.4133,5.546,388446.0027217865,2409.7939,1419.7881,,2048,2154
