Process Num,Input Length,Output Length,TTFT (ms),avg TPS (without prefill),avg TPS (with prefill),Total Time (ms),TPS (without prefill),TPS (with prefill),Error,avg input Tokens,avg output Tokens
1,2048,2048,67.0013,154.7232,154.0471,13937.294483184814,154.7232,154.0471,,2048,2147
8,2048,2048,188.7072,127.2927,125.7359,17032.72557258606,1018.3418,1005.8872,,2048,2141
16,2048,2048,304.1593,114.3326,112.1489,19194.90122795105,1829.3212,1794.3828,,2048,2152
32,2048,2048,548.6814,97.7043,94.7628,22678.3459186554,3126.5362,3032.4081,,2048,2149
64,2048,2048,959.1322,68.374,65.6994,32748.36754798889,4375.9376,4204.7592,,2048,2151
128,2048,2048,2255.8154,44.8151,42.039,51165.99750518799,5736.3363,5380.9955,,2048,2150
256,2048,2048,6021.5838,25.6251,23.1759,92805.8500289917,6560.016,5933.0204,,2048,2150
