Process Num,Input Length,Output Length,TTFT (ms),avg TPS (without prefill),avg TPS (with prefill),Total Time (ms),TPS (without prefill),TPS (with prefill),Error,avg input Tokens,avg output Tokens
1,2048,2048,69.0091,125.7511,125.3001,17110.914945602417,125.7511,125.3001,,2048,2144
8,2048,2048,232.608,104.4294,103.1377,20788.955450057983,835.435,825.1016,,2048,2144
16,2048,2048,392.3182,94.2726,92.4295,23283.276081085205,1508.3623,1478.8726,,2048,2152
32,2048,2048,679.4629,79.1557,76.7912,27973.979473114014,2532.9823,2457.3193,,2048,2148
64,2048,2048,1272.6246,56.1663,53.8205,39963.28186988831,3594.6453,3444.5119,,2048,2150
128,2048,2048,2912.0332,36.9359,34.5484,62273.32377433777,4727.8003,4422.1985,,2048,2151
256,2048,2048,7673.1827,21.2383,19.1468,112328.65071296692,5437.002,4901.5901,,2047,2150
