Process Num,Input Length,Output Length,TTFT (ms),avg TPS (without prefill),avg TPS (with prefill),Total Time (ms),TPS (without prefill),TPS (with prefill),Error,avg input Tokens,avg output Tokens
1,2048,2048,74.8317,110.0015,109.6124,18665.776252746586,110.0015,109.6124,,2048,2046
8,2048,2048,206.9136,82.9399,82.1506,24916.115283966064,663.5189,657.2052,,2048,2046
16,2048,2048,327.0986,66.3807,65.5296,31246.36602401733,1062.0909,1048.4739,,2048,2047
32,2048,2048,603.4996,47.8722,46.9745,43592.81635284424,1531.91,1503.1834,,2048,2047
64,2048,2048,1248.9322,29.9778,29.189,70139.78576660156,1918.5778,1868.0981,,2048,2047
128,2048,2048,3119.8606,18.6063,17.4973,117014.76383209229,2381.6082,2239.6576,,2048,2047
256,2048,2048,24687.3281,14.149,8.5706,238896.44360542297,3622.1316,2194.0762,,2048,2047
