Process Num,Input Length,Output Length,TTFT (ms),avg TPS (without prefill),avg TPS (with prefill),Total Time (ms),TPS (without prefill),TPS (with prefill),Error,avg input Tokens,avg output Tokens
1,2048,2048,88.4171,67.0062,66.852,32085.8051776886,67.0062,66.852,,2048,2145
8,2048,2048,364.6762,61.3978,60.6711,35346.34304046631,491.1824,485.3685,,2048,2144
16,2048,2048,626.6712,59.8191,58.6256,36714.96152877808,957.106,938.01,,2048,2152
32,2048,2048,1136.086,56.5257,54.528,39396.586418151855,1808.8217,1744.8974,,2048,2148
64,2048,2048,2205.7066,45.6623,43.125,49888.06343078613,2922.3849,2759.9989,,2048,2151
128,2048,2048,4697.7816,29.7773,27.4171,78478.05976867676,3811.4929,3509.3885,,2048,2151
256,2048,2048,11230.4582,17.1716,15.2677,140857.6364517212,4395.9208,3908.5208,,2048,2150
