Process Num,Input Length,Output Length,TTFT (ms),avg TPS (without prefill),avg TPS (with prefill),Total Time (ms),TPS (without prefill),TPS (with prefill),Error,avg input Tokens,avg output Tokens
1,2048,2048,271.1043,41.1543,40.9594,52197.9718208313,41.1543,40.9594,,2048,2138
8,2048,2048,1270.7094,29.4101,28.8701,74319.97990608215,235.2807,230.9608,,2048,2145
16,2048,2048,2273.3814,27.1818,26.3442,81718.65034103394,434.908,421.5072,,2048,2152
32,2048,2048,4251.7097,25.0046,23.673,90960.51502227785,800.1475,757.5375,,2048,2153
64,2048,2048,8226.2951,18.6127,17.1833,125100.66246986388,1191.2148,1099.7304,,2048,2149
128,2048,2048,16669.1702,12.3652,11.0729,194234.81369018555,1582.7464,1417.3257,,2048,2150
256,2048,2048,35699.3605,7.6135,5.2233,411651.8602371216,1949.0441,1337.1687,,2048,2150
