Process Num,Input Length,Output Length,TTFT (ms),avg TPS (without prefill),avg TPS (with prefill),Total Time (ms),TPS (without prefill),TPS (with prefill),Error,avg input Tokens,avg output Tokens
1,2048,2048,220.6469,29.8131,29.7319,68882.22694396973,29.8131,29.7319,,2048,2048
8,2048,2048,1108.1084,27.5211,27.1276,75495.08118629456,220.1691,217.0208,,2048,2048
16,2048,2048,1812.3761,23.4814,23.0075,89011.9206905365,375.7029,368.1192,,2048,2047
32,2048,2048,3044.9154,18.6309,18.1245,112996.48523330688,596.1885,579.9826,,2048,2048
64,2048,2048,5411.2385,13.7195,12.5468,163225.37684440613,878.0456,802.994,,2048,2047
128,2048,2048,26242.4751,10.4749,6.4378,318118.661403656,1340.7813,824.0321,,2048,2047
256,2048,2048,173507.2441,10.3288,3.2705,626196.6679096222,2644.1652,837.2418,,2048,2047
