Process Num,Input Length,Output Length,TTFT (ms),avg TPS (without prefill),avg TPS (with prefill),Total Time (ms),TPS (without prefill),TPS (with prefill),Error,avg input Tokens,avg output Tokens
1,2048,2048,95.4549,95.9615,95.5959,22438.194751739506,95.9615,95.5959,,2048,2145
8,2048,2048,360.6292,79.8838,78.7302,27238.59524726868,639.0702,629.8416,,2048,2144
16,2048,2048,631.0432,70.4537,68.8373,31268.46218109131,1127.2587,1101.3973,,2048,2152
32,2048,2048,1132.0776,58.5673,56.482,38035.89963912964,1874.1531,1807.4241,,2048,2148
64,2048,2048,2181.8993,44.32,41.9704,51260.053396224976,2836.4793,2686.1072,,2048,2151
128,2048,2048,4790.6543,29.2968,26.994,79708.30750465393,3749.9908,3455.2358,,2048,2151
256,2048,2048,11173.9471,17.0141,15.1571,141887.28046417236,4355.6014,3880.2139,,2048,2150
