Process Num,Input Length,Output Length,TTFT (ms),avg TPS (without prefill),avg TPS (with prefill),Total Time (ms),TPS (without prefill),TPS (with prefill),Error,avg input Tokens,avg output Tokens
1,2048,2048,292.1436,16.3234,16.2933,125695.65057754517,16.3234,16.2933,,2048,2048
8,2048,2048,1439.7031,14.8815,14.7116,139159.193277359,119.0523,117.6925,,2048,2047
16,2048,2048,2543.7383,14.9262,14.6047,140232.9695224762,238.8198,233.6754,,2048,2048
32,2048,2048,4705.2115,14.0154,13.4929,151786.28969192505,448.4927,431.7715,,2048,2048
64,2048,2048,9100.3732,11.8998,11.153,183625.2522468567,761.584,713.7907,,2048,2047
128,2048,2048,18701.1723,8.8617,8.0096,255688.02213668823,1134.3016,1025.2299,,2048,2047
256,2048,2048,40863.5678,6.0145,4.3198,474090.28577804565,1539.7125,1105.859,,2048,2047
