Process Num,Input Length,Output Length,TTFT (ms),avg TPS (without prefill),avg TPS (with prefill),Total Time (ms),TPS (without prefill),TPS (with prefill),Error,avg input Tokens,avg output Tokens
1,2048,2048,128.4587,54.7027,54.5416,37549.32379722595,54.7027,54.5416,,2048,2048
8,2048,2048,543.2915,45.3329,44.7427,45764.437437057495,362.6629,357.9417,,2048,2047
16,2048,2048,930.316,38.2593,37.5081,54598.24466705322,612.1481,600.1292,,2048,2047
32,2048,2048,1741.2423,29.6804,28.7996,71108.91151428223,949.7713,921.5863,,2048,2047
64,2048,2048,3504.309,20.5546,19.6703,104109.95554924013,1315.492,1258.8998,,2048,2047
128,2048,2048,7628.8836,13.5517,10.3882,197130.4144859314,1734.6213,1329.6933,,2048,2047
256,2048,2048,82116.7862,12.6586,5.2495,390116.02544784546,3240.614,1343.8643,,2048,2047
