Process Num,Input Length,Output Length,TTFT (ms),avg TPS (without prefill),avg TPS (with prefill),Total Time (ms),TPS (without prefill),TPS (with prefill),Error,avg input Tokens,avg output Tokens
1,2048,2048,109.4303,90.7123,90.3348,23733.91985893249,90.7123,90.3348,,2048,2144
8,2048,2048,441.4259,87.1889,85.5405,25068.529844284058,697.5114,684.3241,,2048,2144
16,2048,2048,768.0217,79.0658,76.6745,28074.86629486084,1265.0532,1226.7912,,2048,2152
32,2048,2048,1409.6733,61.9025,59.165,36313.1422996521,1980.8807,1893.2815,,2048,2148
64,2048,2048,2734.192,42.5533,39.9945,53795.71509361267,2723.4081,2559.6462,,2048,2151
128,2048,2048,5789.0428,27.0444,24.7808,86828.65738868713,3461.6833,3171.9366,,2048,2151
256,2048,2048,14470.0709,14.0319,12.4679,172488.25073242188,3592.158,3191.7768,,2048,2150
