Process Num,Input Length,Output Length,TTFT (ms),avg TPS (without prefill),avg TPS (with prefill),Total Time (ms),TPS (without prefill),TPS (with prefill),Error,avg input Tokens,avg output Tokens
1,2048,2048,253.5455,30.0762,29.979,68314.41569328308,30.0762,29.979,,2048,2048
8,2048,2048,1180.6636,27.5108,27.0501,75711.25602722168,220.0865,216.4011,,2048,2048
16,2048,2048,2058.6463,26.9653,26.1653,78269.35172080994,431.4442,418.6441,,2048,2047
32,2048,2048,3792.4267,23.7439,22.6006,90615.53049087524,759.8036,723.2204,,2048,2047
64,2048,2048,7373.5035,19.1638,17.7219,115560.44578552246,1226.4833,1134.203,,2048,2047
128,2048,2048,14937.8346,12.9465,9.168,223382.0915222168,1657.1549,1173.5095,,2048,2047
256,2048,2048,96041.78,11.7885,4.7178,434080.42430877686,3017.8644,1207.7647,,2048,2047
