Process Num,Input Length,Output Length,TTFT (ms),avg TPS (without prefill),avg TPS (with prefill),Total Time (ms),TPS (without prefill),TPS (with prefill),Error,avg input Tokens,avg output Tokens
1,2048,2048,70.2856,87.8787,87.6661,24490.643978118896,87.8787,87.6661,,2047,2147
8,2048,2048,183.6446,86.325,85.5878,25022.547245025635,690.5996,684.7025,,2048,2141
16,2048,2048,272.572,84.8863,83.7082,25716.57633781433,1358.1808,1339.3307,,2048,2152
32,2048,2048,466.0702,78.2178,76.4162,28122.30372428894,2502.9701,2445.3189,,2048,2149
64,2048,2048,867.9194,62.0393,59.806,35974.91264343262,3970.515,3827.584,,2048,2151
128,2048,2048,2206.1265,45.5379,42.6164,50472.79477119446,5828.8501,5454.899,,2048,2150
256,2048,2048,5562.5965,26.448,23.9637,89755.06567955017,6770.6884,6134.7067,,2048,2150
