Process Num,Input Length,Output Length,TTFT (ms),avg TPS (without prefill),avg TPS (with prefill),Total Time (ms),TPS (without prefill),TPS (with prefill),Error,avg input Tokens,avg output Tokens
1,2048,2048,191.2022,43.6732,43.5167,47062.35575675964,43.6732,43.5167,,2048,2048
8,2048,2048,859.8109,37.2776,36.6587,55859.7936630249,298.2204,293.27,,2048,2047
16,2048,2048,1527.3268,32.2438,31.4003,65224.37024116516,515.9014,502.4042,,2048,2048
32,2048,2048,2807.6735,25.8263,24.8076,82553.96270751953,826.44,793.8444,,2048,2047
64,2048,2048,5556.8626,18.407,17.3638,117945.96934318542,1178.0499,1111.28,,2048,2047
128,2048,2048,11916.2873,12.1528,8.7006,235382.2193145752,1555.5542,1113.6823,,2048,2047
256,2048,2048,116217.6817,12.3842,4.5564,449465.16609191895,3170.3431,1166.4441,,2047,2047
