Process Num,Input Length,Output Length,TTFT (ms),avg TPS (without prefill),avg TPS (with prefill),Total Time (ms),TPS (without prefill),TPS (with prefill),Error,avg input Tokens,avg output Tokens
1,2048,2048,61.9252,156.3165,155.6886,13918.810606002808,156.3165,155.6886,,2048,2167
8,2048,2048,193.26,106.7059,105.5863,20316.314935684204,853.6469,844.6906,,2048,2145
16,2048,2048,318.9778,85.8697,84.5855,25428.414583206177,1373.9159,1353.3679,,2048,2150
32,2048,2048,659.2311,59.5221,58.191,37068.11547279358,1904.7058,1862.1125,,2048,2157
64,2048,2048,1196.8723,35.4814,34.506,62405.40528297424,2270.8091,2208.3824,,2048,2153
128,2048,2048,3060.9927,21.3021,19.9945,107690.80209732056,2726.671,2559.2901,,2048,2153
256,2048,2048,24839.0836,15.9808,9.6179,223737.45226860046,4091.074,2462.1805,,2048,2151
