Process Num,Input Length,Output Length,TTFT (ms),avg TPS (without prefill),avg TPS (with prefill),Total Time (ms),TPS (without prefill),TPS (with prefill),Error,avg input Tokens,avg output Tokens
1,2048,2048,253.5791,29.8178,29.7224,68904.16836738586,29.8178,29.7224,,2048,2048
8,2048,2048,1249.3022,20.5295,20.2835,100968.74737739564,164.2357,162.268,,2048,2048
16,2048,2048,2029.2011,18.3136,17.9906,113837.09573745728,293.017,287.8499,,2048,2048
32,2048,2048,3346.5394,15.1655,14.7947,138427.87790298462,485.2953,473.4306,,2048,2048
64,2048,2048,6068.7159,11.3144,10.6742,191860.853433609,724.1194,683.1513,,2048,2047
128,2048,2048,28838.5189,8.7091,5.3505,382769.2720890045,1114.761,684.8643,,2048,2048
256,2048,2048,202888.7841,8.6892,2.7543,743542.3865318298,2224.4327,705.1044,,2048,2047
