Process Num,Input Length,Output Length,TTFT (ms),avg TPS (without prefill),avg TPS (with prefill),Total Time (ms),TPS (without prefill),TPS (with prefill),Error,avg input Tokens,avg output Tokens
1,2048,2048,390.9798,17.9834,17.9306,114218.40500831604,17.9834,17.9306,,2048,2048
8,2048,2048,2053.7402,10.788,10.6769,191804.31938171387,86.3041,85.4152,,2048,2047
16,2048,2048,3405.0901,10.4229,10.2471,199861.8590831757,166.7659,163.9532,,2048,2048
32,2048,2048,5687.0802,9.9726,9.7004,211132.71474838257,319.123,310.4114,,2048,2048
64,2048,2048,10102.2957,8.0043,7.6904,266305.495262146,512.2723,492.1866,,2048,2048
128,2048,2048,18777.9443,6.3285,5.9644,343360.848903656,810.0541,763.4446,,2048,2047
256,2048,2048,36663.1932,4.3303,2.8671,714314.6252632141,1108.549,733.9707,,2047,2047
