Process Num,Input Length,Output Length,TTFT (ms),avg TPS (without prefill),avg TPS (with prefill),Total Time (ms),TPS (without prefill),TPS (with prefill),Error,avg input Tokens,avg output Tokens
1,2048,2048,267.6449,50.0281,49.7405,43143.93663406372,50.0281,49.7405,,2048,2146
8,2048,2048,1258.8147,41.6418,40.598,52872.00403213501,333.1345,324.7844,,2048,2146
16,2048,2048,2201.8985,37.1603,35.6911,60288.12623023987,594.5652,571.0577,,2048,2151
32,2048,2048,4111.3517,27.8279,26.2803,82015.94495773315,890.4943,840.9706,,2048,2155
64,2048,2048,7978.8454,20.8042,19.1168,112587.38231658936,1331.4674,1223.4764,,2047,2152
128,2048,2048,16424.4394,13.2561,11.7918,182343.22881698608,1696.7792,1509.3514,,2048,2150
