Process Num,Input Length,Output Length,TTFT (ms),avg TPS (without prefill),avg TPS (with prefill),Total Time (ms),TPS (without prefill),TPS (with prefill),Error,avg input Tokens,avg output Tokens
1,2048,2048,197.5639,43.7595,43.5964,46976.306200027466,43.7595,43.5964,,2048,2048
8,2048,2048,869.8656,37.4997,36.8669,55551.12051963806,299.9975,294.9355,,2048,2048
16,2048,2048,1525.5118,32.2782,31.4347,65148.88024330139,516.4512,502.9557,,2048,2047
32,2048,2048,2830.9356,25.8549,24.8274,82485.88466644287,827.3583,794.4753,,2048,2047
64,2048,2048,5524.2603,18.4483,17.4043,117666.00584983826,1180.6896,1113.8731,,2048,2047
128,2048,2048,11917.0872,12.2131,8.7341,234473.14476966858,1563.2779,1117.966,,2048,2047
