Process Num,Input Length,Output Length,TTFT (ms),avg TPS (without prefill),avg TPS (with prefill),Total Time (ms),TPS (without prefill),TPS (with prefill),Error,avg input Tokens,avg output Tokens
1,2048,2048,307.7478,15.5554,15.5266,131902.57596969604,15.5554,15.5266,,2048,2048
8,2048,2048,1461.3374,14.6515,14.4813,141415.10605812073,117.2121,115.8504,,2048,2047
16,2048,2048,2550.9442,15.1293,14.8,138369.56071853638,242.0683,236.8006,,2048,2047
32,2048,2048,4742.6399,13.8454,13.3272,153668.2231426239,443.0526,426.4707,,2048,2047
64,2048,2048,9121.8367,11.9061,11.154,183608.2351207733,761.9908,713.8569,,2048,2047
128,2048,2048,18769.2163,8.9401,8.072,253712.50939369202,1144.3277,1033.2206,,2048,2047
