Process Num,Input Length,Output Length,TTFT (ms),avg TPS (without prefill),avg TPS (with prefill),Total Time (ms),TPS (without prefill),TPS (with prefill),Error,avg input Tokens,avg output Tokens
1,2048,2048,278.2838,41.0823,40.8826,52296.13995552063,41.0823,40.8826,,2048,2138
8,2048,2048,1279.7056,29.3955,28.8535,74362.73694038391,235.1639,230.828,,2048,2145
16,2048,2048,2285.8015,27.2079,26.3651,81653.99479866028,435.327,421.841,,2048,2152
32,2048,2048,4243.4975,25.0395,23.7071,90827.03948020937,801.2635,758.6287,,2048,2153
64,2048,2048,8164.1002,18.7371,17.298,124266.78609848022,1199.177,1107.0698,,2048,2149
128,2048,2048,16598.5416,12.4533,11.1493,192904.6700000763,1594.0219,1427.1142,,2048,2150
