Process Num,Input Length,Output Length,TTFT (ms),avg TPS (without prefill),avg TPS (with prefill),Total Time (ms),TPS (without prefill),TPS (with prefill),Error,avg input Tokens,avg output Tokens
1,2048,2048,311.9016,26.7668,26.6709,76787.68515586853,26.7668,26.6709,,2048,2048
8,2048,2048,1465.4902,23.7961,23.3704,87626.87182426453,190.3688,186.9632,,2048,2047
16,2048,2048,2571.153,21.3615,20.7447,98727.25462913512,341.7835,331.9144,,2048,2048
32,2048,2048,4774.9292,14.9118,14.3421,142796.5304851532,477.1782,458.9467,,2048,2048
64,2048,2048,9342.0354,10.6963,9.707,210981.22477531436,684.5623,621.2496,,2048,2048
128,2048,2048,41799.4924,8.0324,4.8721,420343.7440395355,1028.1481,623.6348,,2048,2047
