Process Num,Input Length,Output Length,TTFT (ms),avg TPS (without prefill),avg TPS (with prefill),Total Time (ms),TPS (without prefill),TPS (with prefill),Error,avg input Tokens,avg output Tokens
1,2048,2048,727.7842,7.6427,7.6257,268564.5954608917,7.6427,7.6257,,2048,2048
8,2048,2048,3665.7164,6.5358,6.4527,317387.7775669098,52.2861,51.6214,,2048,2048
16,2048,2048,6516.2149,6.1276,5.9931,341705.1742076874,98.0409,95.8897,,2048,2047
32,2048,2048,12245.9966,5.5024,5.2948,386788.5258197784,176.077,169.4337,,2048,2047
64,2048,2048,29987.0481,4.1445,2.5707,796633.8121891022,265.2494,164.526,,2048,2047
128,2048,2048,374284.1367,4.4533,1.4987,1366487.8714084625,570.016,191.8349,,2048,2047
