Process Num,Input Length,Output Length,TTFT (ms),avg TPS (without prefill),avg TPS (with prefill),Total Time (ms),TPS (without prefill),TPS (with prefill),Error,avg input Tokens,avg output Tokens
1,2048,2048,269.942,51.4022,51.0998,42642.00735092163,51.4022,51.0998,,2048,2179
8,2048,2048,1254.1682,42.1636,41.1021,52430.46712875366,337.3089,328.8164,,2048,2155
16,2048,2048,2202.937,37.7935,36.2789,59397.47619628906,604.696,580.4624,,2048,2154
32,2048,2048,4083.6321,28.2849,26.6983,80818.48788261414,905.1183,854.3466,,2048,2157
64,2048,2048,7920.4772,21.2212,19.4812,110542.51956939696,1358.1536,1246.7963,,2047,2153
128,2048,2048,16357.7391,13.4268,11.9358,180373.38423728943,1718.6249,1527.7808,,2048,2152
