Process Num,Input Length,Output Length,TTFT (ms),avg TPS (without prefill),avg TPS (with prefill),Total Time (ms),TPS (without prefill),TPS (with prefill),Error,avg input Tokens,avg output Tokens
1,2048,2048,67.8005,86.3586,86.1624,24883.23664665222,86.3586,86.1624,,2048,2144
8,2048,2048,226.5944,72.3301,71.6856,29911.853790283203,578.6408,573.485,,2048,2144
16,2048,2048,373.529,70.0639,69.0251,31177.961826324463,1121.0219,1104.4019,,2048,2152
32,2048,2048,658.4893,68.7289,66.8684,32123.73995780945,2199.3244,2139.7882,,2048,2148
64,2048,2048,1268.9411,57.261,54.7438,39289.52121734619,3664.701,3503.6059,,2048,2150
128,2048,2048,2949.5937,37.2429,34.7533,61906.35943412781,4767.0854,4448.4283,,2048,2151
