Process Num,Input Length,Output Length,TTFT (ms),avg TPS (without prefill),avg TPS (with prefill),Total Time (ms),TPS (without prefill),TPS (with prefill),Error,avg input Tokens,avg output Tokens
1,2048,2048,92.3319,94.6858,94.3438,22735.998392105103,94.6858,94.3438,,2048,2145
8,2048,2048,375.2234,79.0123,77.8382,27550.74977874756,632.0981,622.7054,,2048,2144
16,2048,2048,637.6007,70.2275,68.5955,31378.69381904602,1123.6394,1097.5282,,2048,2152
32,2048,2048,1142.2622,58.5105,56.4179,38080.24764060974,1872.3349,1805.3717,,2048,2148
64,2048,2048,2227.686,43.9583,41.6113,51703.90820503235,2813.3301,2663.1256,,2048,2151
128,2048,2048,4838.9669,29.2838,26.9685,79784.17468070984,3748.325,3451.9628,,2048,2151
