Process Num,Input Length,Output Length,TTFT (ms),avg TPS (without prefill),avg TPS (with prefill),Total Time (ms),TPS (without prefill),TPS (with prefill),Error,avg input Tokens,avg output Tokens
1,2048,2048,236.5172,27.8334,27.7576,73781.58593177795,27.8334,27.7576,,2048,2048
8,2048,2048,1021.9142,14.658,14.5575,140683.4397315979,117.264,116.46,,2048,2048
16,2048,2048,1622.4535,14.262,14.1052,145194.83256340027,228.1922,225.683,,2048,2048
32,2048,2048,2652.4066,11.3689,11.2021,182822.4036693573,363.8051,358.4681,,2048,2048
64,2048,2048,4651.608,10.9916,10.7122,191182.8196048737,703.4598,685.5794,,2048,2047
128,2048,2048,8607.4518,8.9285,8.5836,238585.529088974,1142.8526,1098.7003,,2048,2047
