Process Num,Input Length,Output Length,TTFT (ms),avg TPS (without prefill),avg TPS (with prefill),Total Time (ms),TPS (without prefill),TPS (with prefill),Error,avg input Tokens,avg output Tokens
1,2048,2048,88.9101,67.3114,67.1544,31926.44572257996,67.3114,67.1544,,2048,2144
8,2048,2048,362.7908,61.0332,60.3303,35545.998096466064,488.2656,482.6422,,2048,2144
16,2048,2048,629.1975,60.7443,59.4954,36178.20978164673,971.9082,951.9266,,2048,2152
32,2048,2048,1126.8725,56.2234,54.2228,39618.93272399902,1799.149,1735.13,,2048,2148
64,2048,2048,2182.6786,44.7531,42.3137,50844.624280929565,2864.1974,2708.0739,,2048,2151
128,2048,2048,4694.2423,29.529,27.232,79011.92927360535,3779.7056,3485.7015,,2048,2151
