Process Num,Input Length,Output Length,TTFT (ms),avg TPS (without prefill),avg TPS (with prefill),Total Time (ms),TPS (without prefill),TPS (with prefill),Error,avg input Tokens,avg output Tokens
1,2048,2048,54.2884,153.4986,152.9725,14035.205364227297,153.4986,152.9725,,2048,2147
8,2048,2048,189.6041,124.3529,122.8558,17432.016849517822,994.8235,982.8467,,2048,2141
16,2048,2048,293.2393,112.5236,110.5324,19475.633144378666,1800.3782,1768.5176,,2048,2152
32,2048,2048,529.2284,97.0409,94.2108,22810.20498275757,3105.3075,3014.7471,,2048,2148
64,2048,2048,1053.6997,67.9017,65.0616,33069.37575340271,4345.7061,4163.9431,,2048,2151
128,2048,2048,2346.1204,44.673,41.842,51407.29284286499,5718.1379,5355.7771,,2048,2150
