Process Num,Input Length,Output Length,TTFT (ms),avg TPS (without prefill),avg TPS (with prefill),Total Time (ms),TPS (without prefill),TPS (with prefill),Error,avg input Tokens,avg output Tokens
1,2048,2048,208.3471,31.0317,30.949,66173.43735694885,31.0317,30.949,,2048,2048
8,2048,2048,1102.5321,26.9448,26.5697,77080.16872406006,215.5588,212.5579,,2048,2048
16,2048,2048,1806.2253,23.3667,22.8988,89437.0710849762,373.8664,366.3805,,2048,2048
32,2048,2048,3022.1535,18.7267,18.2188,112411.41819953918,599.2546,583.0013,,2048,2048
64,2048,2048,5407.6015,13.7336,12.5784,162815.9101009369,878.9521,805.0196,,2048,2047
128,2048,2048,26270.9464,10.4881,6.4413,317945.63698768616,1342.4804,824.4837,,2048,2047
