Process Num,Input Length,Output Length,TTFT (ms),avg TPS (without prefill),avg TPS (with prefill),Total Time (ms),TPS (without prefill),TPS (with prefill),Error,avg input Tokens,avg output Tokens
1,2048,2048,123.2522,61.2967,61.112,35606.72950744629,61.2967,61.112,,2048,2176
8,2048,2048,509.2513,54.2487,53.4939,40186.82646751404,433.9893,427.9512,,2048,2149
16,2048,2048,863.7293,50.0485,48.9165,43914.14284706116,800.7761,782.6636,,2048,2148
32,2048,2048,1589.0347,36.8589,35.6876,60343.06526184082,1179.484,1142.0036,,2048,2153
64,2048,2048,3177.4702,24.4087,23.3469,92061.3443851471,1562.1543,1494.1993,,2048,2149
128,2048,2048,7067.2498,15.6483,11.7847,182697.72148132324,2002.9818,1508.437,,2048,2153
