Process Num,Input Length,Output Length,TTFT (ms),avg TPS (without prefill),avg TPS (with prefill),Total Time (ms),TPS (without prefill),TPS (with prefill),Error,avg input Tokens,avg output Tokens
1,2048,2048,210.3052,41.2204,41.0664,49870.46217918396,41.2204,41.0664,,2048,2048
8,2048,2048,881.5153,35.306,34.7236,58972.835540771484,282.4483,277.7889,,2048,2047
16,2048,2048,1548.0969,30.4349,29.6713,69020.80941200256,486.9581,474.7409,,2048,2047
32,2048,2048,2880.5581,25.5036,24.4829,83648.83470535278,816.1148,783.4538,,2048,2047
64,2048,2048,5665.2085,18.2889,17.236,118819.233417511,1170.4916,1103.1042,,2048,2047
128,2048,2048,12131.583,12.0768,8.6132,237756.82592391968,1545.8295,1102.4878,,2048,2047
