Process Num,Input Length,Output Length,TTFT (ms),avg TPS (without prefill),avg TPS (with prefill),Total Time (ms),TPS (without prefill),TPS (with prefill),Error,avg input Tokens,avg output Tokens
1,2048,2048,68.6502,153.6318,152.9577,14239.228963851929,153.6318,152.9577,,2048,2178
8,2048,2048,201.2781,108.2373,107.0252,20010.469436645508,865.8985,856.2018,,2048,2141
16,2048,2048,325.5148,85.3565,84.0582,25578.27401161194,1365.7037,1344.9305,,2048,2150
32,2048,2048,618.0649,59.2532,57.9964,37182.780742645264,1896.1024,1855.8859,,2048,2156
64,2048,2048,1275.9804,35.4471,34.4382,62550.37808418274,2268.6134,2204.0474,,2048,2154
128,2048,2048,3070.114,21.0386,19.749,109002.09927558899,2692.9355,2527.8687,,2048,2152
