Process Num,Input Length,Output Length,TTFT (ms),avg TPS (without prefill),avg TPS (with prefill),Total Time (ms),TPS (without prefill),TPS (with prefill),Error,avg input Tokens,avg output Tokens
1,2048,2048,542.6159,14.3996,14.3519,142699.18370246887,14.3996,14.3519,,2048,2048
8,2048,2048,2707.8613,10.8418,10.676,191831.84957504272,86.7344,85.4081,,2048,2048
16,2048,2048,4811.5925,10.1075,9.8445,208021.6987133026,161.7193,157.5124,,2048,2047
32,2048,2048,8960.3066,9.0373,8.6406,237017.807006836,289.1926,276.4982,,2048,2047
64,2048,2048,17333.346,7.3499,6.8404,299390.51151275635,470.3942,437.7827,,2048,2047
128,2048,2048,35258.8547,4.982,3.5079,583820.3024864197,637.6952,449.0132,,2048,2047
