Process Num,Input Length,Output Length,TTFT (ms),avg TPS (without prefill),avg TPS (with prefill),Total Time (ms),TPS (without prefill),TPS (with prefill),Error,avg input Tokens,avg output Tokens
1,2048,2048,169.4205,57.291,57.0589,37592.71788597107,57.291,57.0589,,2048,2145
8,2048,2048,753.1753,46.7288,45.9261,47072.86810874939,373.8302,367.4091,,2048,2161
16,2048,2048,1333.9549,39.9535,38.8869,55246.81806564331,639.2567,622.1897,,2048,2148
32,2048,2048,2467.8599,30.7813,29.5753,72876.39904022217,985.0024,946.4106,,2048,2155
64,2048,2048,4839.4891,21.4537,20.2744,106239.96376991272,1373.0346,1297.5626,,2048,2153
128,2048,2048,10473.4285,13.9536,9.5383,225722.09191322327,1786.0669,1220.8995,,2048,2153
