Process Num,Input Length,Output Length,TTFT (ms),avg TPS (without prefill),avg TPS (with prefill),Total Time (ms),TPS (without prefill),TPS (with prefill),Error,avg input Tokens,avg output Tokens
1,2048,2048,156.0595,68.3584,68.0483,31257.211446762085,68.3584,68.0483,,2048,2127
8,2048,2048,745.4996,27.9603,27.6645,78344.92373466492,223.6823,221.3162,,2048,2167
16,2048,2048,1293.5444,26.2948,25.8158,83512.39514350891,420.7174,413.0525,,2048,2155
32,2048,2048,2373.9055,21.3056,20.704,103936.64455413818,681.7789,662.5286,,2048,2151
64,2048,2048,4586.5925,18.9245,17.9836,119821.15983963013,1211.1663,1150.9486,,2048,2154
128,2048,2048,9676.6708,14.0603,12.9517,166108.44922065735,1799.7171,1657.8145,,2048,2151
