Process Num,Input Length,Output Length,TTFT (ms),avg TPS (without prefill),avg TPS (with prefill),Total Time (ms),TPS (without prefill),TPS (with prefill),Error,avg input Tokens,avg output Tokens
1,2048,2048,72.6044,127.1817,126.6942,16946.314573287964,127.1817,126.6942,,2048,2147
8,2048,2048,261.9783,94.0223,92.86,23147.741317749023,752.1787,742.8803,,2048,2149
16,2048,2048,454.1277,74.8277,73.4884,29261.404991149902,1197.243,1175.815,,2048,2150
32,2048,2048,829.653,52.2837,51.0059,42191.23148918152,1673.0769,1632.1875,,2048,2152
64,2048,2048,1671.6961,33.2377,32.131,67062.42394447327,2127.2139,2056.3826,,2048,2154
128,2048,2048,3988.1601,20.136,18.3893,117074.69868659973,2577.4126,2353.8305,,2048,2152
