Process Num,Input Length,Output Length,TTFT (ms),avg TPS (without prefill),avg TPS (with prefill),Total Time (ms),TPS (without prefill),TPS (with prefill),Error,avg input Tokens,avg output Tokens
1,2048,2048,717.1681,16.2671,16.1864,132271.67201042175,16.2671,16.1864,,2048,2141
8,2048,2048,3671.6887,15.0821,14.6843,146142.36855506897,120.6565,117.4745,,2048,2146
16,2048,2048,6519.1453,14.1145,13.4928,159562.01815605164,225.8317,215.8847,,2048,2152
32,2048,2048,12117.0365,12.4657,11.5706,186002.475976944,398.9018,370.2585,,2048,2152
64,2048,2048,23385.6176,9.457,7.5591,284331.17294311523,605.2497,483.7809,,2048,2149
128,2048,2048,91668.2107,6.6341,3.7183,578489.0115261078,849.1698,475.9451,,2048,2151
