Process Num,Input Length,Output Length,TTFT (ms),avg TPS (without prefill),avg TPS (with prefill),Total Time (ms),TPS (without prefill),TPS (with prefill),Error,avg input Tokens,avg output Tokens
1,2048,2048,174.1812,57.8506,57.6069,37287.16826438904,57.8506,57.6069,,2048,2148
8,2048,2048,794.852,52.2004,51.1453,41910.02297401428,417.603,409.1623,,2048,2143
16,2048,2048,1384.2242,45.6902,44.2587,48638.71765136719,731.0431,708.1396,,2048,2152
32,2048,2048,2568.5505,36.9348,35.1776,61153.114795684814,1181.9133,1125.6826,,2048,2151
64,2048,2048,4962.7311,26.0675,24.3483,88324.95498657227,1668.3176,1558.2912,,2048,2150
128,2048,2048,10315.5886,17.0363,15.4814,138868.74508857727,2180.6518,1981.6194,,2048,2149
