Process Num,Input Length,Output Length,TTFT (ms),avg TPS (without prefill),avg TPS (with prefill),Total Time (ms),TPS (without prefill),TPS (with prefill),Error,avg input Tokens,avg output Tokens
1,2048,2048,252.3274,29.7606,29.6662,69034.89065170288,29.7606,29.6662,,2048,2048
8,2048,2048,1157.0545,20.8735,20.6371,99238.6829853058,166.9879,165.0969,,2048,2048
16,2048,2048,2030.091,18.0888,17.7734,115221.20833396912,289.4205,284.3747,,2048,2047
32,2048,2048,3391.1236,14.9537,14.5892,140375.75578689575,478.5187,466.8541,,2048,2047
64,2048,2048,5963.5269,11.2024,10.5816,193542.09899902344,716.9529,677.2222,,2048,2047
128,2048,2048,29060.9233,8.6111,5.295,386774.38735961914,1102.2195,677.7595,,2048,2047
