Process Num,Input Length,Output Length,TTFT (ms),avg TPS (without prefill),avg TPS (with prefill),Total Time (ms),TPS (without prefill),TPS (with prefill),Error,avg input Tokens,avg output Tokens
1,2048,2048,157.0096,61.3037,61.058,35179.67748641968,61.3037,61.058,,2048,2148
8,2048,2048,684.1894,52.3917,51.4726,41648.40316772461,419.1333,411.7805,,2048,2143
16,2048,2048,1186.9387,47.2139,45.8856,46907.37295150757,755.4227,734.1703,,2048,2152
32,2048,2048,2164.7386,40.4427,38.6324,55690.74416160584,1294.1659,1236.2377,,2048,2151
64,2048,2048,4200.1229,30.3449,28.3448,75879.2040348053,1942.0733,1814.0675,,2048,2150
128,2048,2048,8720.1936,20.8058,18.8287,114186.7311000824,2663.1455,2410.0786,,2048,2149
