Process Num,Input Length,Output Length,TTFT (ms),avg TPS (without prefill),avg TPS (with prefill),Total Time (ms),TPS (without prefill),TPS (with prefill),Error,avg input Tokens,avg output Tokens
1,2048,2048,67.7047,131.4074,130.9224,16376.115798950195,131.4074,130.9224,,2048,2144
8,2048,2048,273.9615,113.6566,111.8959,19162.901878356934,909.2529,895.1671,,2048,2144
16,2048,2048,477.7618,96.8414,94.5486,22760.119199752808,1549.463,1512.7777,,2048,2151
32,2048,2048,845.577,76.9911,74.3273,28901.72934532165,2463.7157,2378.4736,,2048,2148
64,2048,2048,1600.6583,49.9133,47.7079,45084.2125415802,3194.4529,3053.3083,,2048,2150
128,2048,2048,3610.9997,30.7029,28.715,74926.9700050354,3929.9737,3675.5256,,2048,2151
