Process Num,Input Length,Output Length,TTFT (ms),avg TPS (without prefill),avg TPS (with prefill),Total Time (ms),TPS (without prefill),TPS (with prefill),Error,avg input Tokens,avg output Tokens
1,2048,2048,729.3923,7.5671,7.5505,271241.87541008,7.5671,7.5505,,2048,2048
8,2048,2048,3660.159,6.5663,6.4826,315923.27404022217,52.5307,51.8607,,2048,2048
16,2048,2048,6483.9274,6.1162,5.9828,342304.82745170593,97.8591,95.7246,,2048,2047
32,2048,2048,12140.8329,5.4965,5.291,387061.2976551056,175.8876,169.3117,,2048,2047
64,2048,2048,29864.8438,4.1637,2.5843,792451.5581130981,266.4782,165.3969,,2048,2047
128,2048,2048,372506.7716,4.4803,1.5083,1357775.6390571594,573.4816,193.068,,2048,2047
