Process Num,Input Length,Output Length,TTFT (ms),avg TPS (without prefill),avg TPS (with prefill),Total Time (ms),TPS (without prefill),TPS (with prefill),Error,avg input Tokens,avg output Tokens
1,2048,2048,180.3272,14.9964,14.9839,136680.1722049713,14.9964,14.9839,,2048,2048
8,2048,2048,669.4503,14.3042,14.2415,143813.3659362793,114.4336,113.9324,,2048,2048
16,2048,2048,1202.4144,14.2468,14.1311,144928.80940437317,227.9483,226.0972,,2048,2048
32,2048,2048,1977.9241,14.0114,13.8207,148184.03840065002,448.3641,442.2609,,2048,2048
64,2048,2048,3436.0077,13.4463,13.1343,155926.76305770874,860.5638,840.5933,,2048,2047
128,2048,2048,6385.821,11.7837,11.3341,180691.39909744263,1508.3121,1450.7608,,2047,2047
