Process Num,Input Length,Output Length,TTFT (ms),avg TPS (without prefill),avg TPS (with prefill),Total Time (ms),TPS (without prefill),TPS (with prefill),Error,avg input Tokens,avg output Tokens
1,2048,2048,70.9958,77.8115,77.6479,27817.878246307373,77.8115,77.6479,,2048,2160
8,2048,2048,255.6825,70.0916,69.4238,30911.582231521606,560.7326,555.3905,,2048,2146
16,2048,2048,445.4342,63.9597,62.9419,34187.273263931274,1023.3552,1007.0707,,2048,2151
32,2048,2048,813.3079,52.2223,50.9106,42359.83443260193,1671.114,1629.1376,,2048,2156
64,2048,2048,1658.8897,33.6203,32.4605,66425.04000663757,2151.7008,2077.4696,,2048,2156
128,2048,2048,3902.0692,20.3078,18.2994,117744.34351921082,2599.4017,2342.3206,,2048,2154
