Process Num,Input Length,Output Length,TTFT (ms),avg TPS (without prefill),avg TPS (with prefill),Total Time (ms),TPS (without prefill),TPS (with prefill),Error,avg input Tokens,avg output Tokens
1,2048,2048,285.3274,47.4789,47.2015,45274.02901649475,47.4789,47.2015,,2048,2137
8,2048,2048,1348.4725,36.1776,35.3327,60825.3824710846,289.4207,282.6616,,2048,2149
16,2048,2048,2380.4466,32.9085,31.6581,67986.16766929626,526.5354,506.5295,,2048,2152
32,2048,2048,4422.8187,25.4515,24.0531,89511.62934303284,814.4482,769.6989,,2048,2153
64,2048,2048,8534.8727,19.6078,18.0026,119528.74517440796,1254.8981,1152.1664,,2048,2151
128,2048,2048,17419.1022,11.7013,9.4908,226662.7118587494,1497.7715,1214.8183,,2048,2151
