Process Num,Input Length,Output Length,TTFT (ms),avg TPS (without prefill),avg TPS (with prefill),Total Time (ms),TPS (without prefill),TPS (with prefill),Error,avg input Tokens,avg output Tokens
1,2048,2048,88.9578,52.028,51.9354,39433.59446525574,52.028,51.9354,,2048,2048
8,2048,2048,284.5003,45.8619,45.4939,45014.27865028381,366.8949,363.9512,,2048,2047
16,2048,2048,479.5246,45.0398,44.4356,46089.200258255005,720.6365,710.9692,,2048,2048
32,2048,2048,891.6557,41.7378,40.7303,50275.12526512146,1335.6088,1303.3682,,2048,2047
64,2048,2048,1792.6078,28.933,27.9378,73303.53260040283,1851.7128,1788.0175,,2048,2047
128,2048,2048,4098.8422,18.1784,16.3967,124899.11699295044,2326.8337,2098.7819,,2048,2047
