Process Num,Input Length,Output Length,TTFT (ms),avg TPS (without prefill),avg TPS (with prefill),Total Time (ms),TPS (without prefill),TPS (with prefill),Error,avg input Tokens,avg output Tokens
1,2048,2048,170.1593,58.8251,58.5822,37178.546667099,58.8251,58.5822,,2048,2178
8,2048,2048,766.0649,47.2677,46.4324,46419.65842247009,378.142,371.459,,2048,2155
16,2048,2048,1316.0441,39.7112,38.6682,55636.77740097046,635.3793,618.6915,,2048,2151
32,2048,2048,2471.7934,30.8507,29.6379,72604.48360443115,987.2229,948.4125,,2048,2151
64,2048,2048,4886.934,21.2415,20.077,107369.47560310364,1359.4547,1284.9276,,2048,2155
128,2048,2048,10526.2722,13.9512,9.5181,226142.1365737915,1785.7563,1218.3134,,2048,2152
