Process Num,Input Length,Output Length,TTFT (ms),avg TPS (without prefill),avg TPS (with prefill),Total Time (ms),TPS (without prefill),TPS (with prefill),Error,avg input Tokens,avg output Tokens
1,2048,2048,273.2463,40.8956,40.7015,52504.154443740845,40.8956,40.7015,,2048,2137
8,2048,2048,1322.5619,35.6615,34.8557,61650.57921409607,285.2917,278.8457,,2048,2148
16,2048,2048,2357.3791,32.6873,31.4693,68394.07277107239,522.9974,503.5085,,2048,2152
32,2048,2048,4336.3776,26.8149,25.2851,85147.7062702179,858.0752,809.1234,,2048,2152
64,2048,2048,8383.4952,19.945,18.3099,117526.13854408264,1276.481,1171.8329,,2048,2151
128,2048,2048,17102.0351,12.6818,10.1396,212154.55269813538,1623.2744,1297.8651,,2048,2151
