Process Num,Input Length,Output Length,TTFT (ms),avg TPS (without prefill),avg TPS (with prefill),Total Time (ms),TPS (without prefill),TPS (with prefill),Error,avg input Tokens,avg output Tokens
1,2048,2048,170.1715,26.4387,26.3952,80620.79858779907,26.4387,26.3952,,2048,2128
8,2048,2048,753.3908,23.4854,23.2661,92881.74200057983,187.8835,186.1292,,2048,2161
16,2048,2048,1282.3761,22.9526,22.5706,95378.34095954896,367.2409,361.1302,,2048,2152
32,2048,2048,2357.7539,20.7721,20.1804,106616.52874946594,664.7072,645.7723,,2048,2151
64,2048,2048,4557.2353,18.0323,17.1549,125596.2724685669,1154.0694,1097.9147,,2048,2154
128,2048,2048,9565.3827,14.3038,13.1458,163585.08443832397,1830.8827,1682.6595,,2048,2150
