Process Num,Input Length,Output Length,TTFT (ms),avg TPS (without prefill),avg TPS (with prefill),Total Time (ms),TPS (without prefill),TPS (with prefill),Error,avg input Tokens,avg output Tokens
1,2048,2048,58.0363,87.4985,87.3316,24584.45906639099,87.4985,87.3316,,2048,2147
8,2048,2048,172.4905,86.3152,85.6145,25014.75834846497,690.5216,684.9157,,2048,2141
16,2048,2048,266.3239,86.2285,85.0567,25308.8448047638,1379.6564,1360.9076,,2048,2152
32,2048,2048,455.3967,77.7553,75.9859,28281.562328338623,2488.1703,2431.5488,,2048,2149
64,2048,2048,832.1357,63.5668,61.2778,35110.83173751831,4068.2722,3921.7812,,2048,2151
128,2048,2048,2087.6124,45.2514,42.4998,50611.310720443726,5792.185,5439.9698,,2048,2150
