Process Num,Input Length,Output Length,TTFT (ms),avg TPS (without prefill),avg TPS (with prefill),Total Time (ms),TPS (without prefill),TPS (with prefill),Error,avg input Tokens,avg output Tokens
1,2048,2048,78.5973,50.9777,50.9025,40233.75058174133,50.9777,50.9025,,2048,2048
8,2048,2048,199.8082,46.231,45.9699,44545.43089866638,369.8477,367.7594,,2048,2047
16,2048,2048,341.1933,45.7088,45.2742,45229.9394607544,731.3403,724.3874,,2048,2047
32,2048,2048,591.1639,43.1646,42.3629,48338.28830718994,1381.2659,1355.6128,,2048,2047
64,2048,2048,1221.0851,30.2062,29.3702,69717.83065795898,1933.1944,1879.6913,,2048,2047
128,2048,2048,3039.9709,18.6361,17.2389,118766.47210121155,2385.4151,2206.5739,,2048,2047
