Process Num,Input Length,Output Length,TTFT (ms),avg TPS (without prefill),avg TPS (with prefill),Total Time (ms),TPS (without prefill),TPS (with prefill),Error,avg input Tokens,avg output Tokens
1,2048,2048,63.026,166.9965,166.2513,12860.051155090332,166.9965,166.2513,,2048,2138
8,2048,2048,201.3171,147.1799,144.9878,14763.307809829712,1177.4389,1159.9027,,2048,2140
16,2048,2048,304.8731,134.3522,131.4256,16372.37811088562,2149.6344,2102.81,,2048,2151
32,2048,2048,548.3033,100.8629,97.8161,21972.358226776123,3227.612,3130.1146,,2048,2149
64,2048,2048,1046.4326,67.8149,65.0665,33074.833393096924,4340.1566,4164.2538,,2048,2152
128,2048,2048,2385.0235,42.639,40.0726,53669.628381729126,5457.7969,5129.2884,,2048,2150
