Process Num,Input Length,Output Length,TTFT (ms),avg TPS (without prefill),avg TPS (with prefill),Total Time (ms),TPS (without prefill),TPS (with prefill),Error,avg input Tokens,avg output Tokens
1,2048,2048,296.9968,46.6055,46.3268,46128.81493568421,46.6055,46.3268,,2048,2137
8,2048,2048,1437.4289,41.0189,39.8748,53909.35158729553,328.1512,318.9985,,2048,2149
16,2048,2048,2566.9984,34.1117,32.6865,65852.97536849976,545.7876,522.9832,,2048,2152
32,2048,2048,4749.2689,26.22,24.6527,87335.90006828308,839.0412,788.8852,,2048,2153
64,2048,2048,9258.2964,18.0679,16.6055,129585.42275428772,1156.3448,1062.7507,,2048,2151
128,2048,2048,18932.0905,10.6917,8.6334,249149.65415000916,1368.5409,1105.0708,,2048,2151
