Process Num,Input Length,Output Length,TTFT (ms),avg TPS (without prefill),avg TPS (with prefill),Total Time (ms),TPS (without prefill),TPS (with prefill),Error,avg input Tokens,avg output Tokens
1,2048,2048,268.1737,29.6805,29.5841,72268.51868629456,29.6805,29.5841,,2048,2138
8,2048,2048,1274.8698,27.1843,26.7269,80279.61945533752,217.4743,213.8152,,2048,2145
16,2048,2048,2226.998,26.2617,25.4934,84445.89829444885,420.1878,407.8943,,2048,2152
32,2048,2048,4125.126,22.922,21.8242,98663.41400146484,733.5029,698.3744,,2048,2153
64,2048,2048,7945.7197,19.1315,17.6571,121742.62857437134,1224.4183,1130.0561,,2048,2149
128,2048,2048,16153.8254,13.9885,12.3958,173508.30483436584,1790.5259,1586.656,,2048,2150
