Process Num,Input Length,Output Length,TTFT (ms),avg TPS (without prefill),avg TPS (with prefill),Total Time (ms),TPS (without prefill),TPS (with prefill),Error,avg input Tokens,avg output Tokens
1,2048,2048,296.4396,37.9988,37.8191,57219.72346305847,37.9988,37.8191,,2048,2164
8,2048,2048,1434.6549,34.5257,33.7083,64068.06015968323,276.2057,269.6664,,2048,2159
16,2048,2048,2538.2141,30.8591,29.6844,72472.76258468628,493.7458,474.9508,,2048,2151
32,2048,2048,4715.8644,25.6904,24.1784,89148.40149879456,822.092,773.7099,,2048,2155
64,2048,2048,9139.2546,19.3154,17.6598,121831.0055732727,1236.1886,1130.2295,,2048,2151
128,2048,2048,18821.6599,12.5744,11.119,193612.54572868347,1609.5193,1423.2342,,2048,2152
