Process Num,Input Length,Output Length,TTFT (ms),avg TPS (without prefill),avg TPS (with prefill),Total Time (ms),TPS (without prefill),TPS (with prefill),Error,avg input Tokens,avg output Tokens
1,2048,2048,281.0676,39.7376,39.5499,54260.56241989136,39.7376,39.5499,,2048,2146
8,2048,2048,1332.4551,28.5557,28.0245,76767.58313179016,228.4455,224.1962,,2048,2151
16,2048,2048,2343.4284,26.2101,25.4092,84823.97770881653,419.3616,406.5478,,2048,2155
32,2048,2048,4332.6016,24.0701,22.8108,94396.11792564392,770.2439,729.9453,,2048,2153
64,2048,2048,8395.0083,18.6577,17.1955,125290.0071144104,1194.094,1100.5108,,2048,2154
128,2048,2048,17111.9339,12.3139,11.0036,195649.12390708923,1576.1765,1408.4602,,2048,2152
