Process Num,Input Length,Output Length,TTFT (ms),avg TPS (without prefill),avg TPS (with prefill),Total Time (ms),TPS (without prefill),TPS (with prefill),Error,avg input Tokens,avg output Tokens
1,2048,2048,131.9885,42.6652,42.5686,48110.52846908569,42.6652,42.5686,,2048,2048
8,2048,2048,548.5048,38.3829,37.9472,53969.70844268799,307.063,303.5777,,2048,2048
16,2048,2048,945.4125,37.0022,36.2727,56459.519386291504,592.0358,580.3627,,2048,2047
32,2048,2048,1767.3626,29.4907,28.5985,71607.78093338013,943.7036,915.1519,,2048,2047
64,2048,2048,3508.8038,20.5576,19.6634,104147.95517921448,1315.6861,1258.4597,,2048,2047
128,2048,2048,7606.95,13.5683,10.3498,197867.26546287537,1736.7411,1324.777,,2048,2047
