Process Num,Input Length,Output Length,TTFT (ms),avg TPS (without prefill),avg TPS (with prefill),Total Time (ms),TPS (without prefill),TPS (with prefill),Error,avg input Tokens,avg output Tokens
1,2048,2048,72.4542,108.0237,107.6624,19022.422790527344,108.0237,107.6624,,2048,2048
8,2048,2048,209.6134,83.1683,82.3797,24855.95417022705,665.346,659.0373,,2048,2047
16,2048,2048,332.3406,66.2077,65.3442,31340.785264968872,1059.3229,1045.5067,,2048,2047
32,2048,2048,594.4821,48.1709,47.2733,43314.59021568298,1541.4686,1512.7466,,2048,2047
64,2048,2048,1253.8675,30.0888,29.3005,69870.84007263184,1925.6829,1875.2315,,2047,2047
128,2048,2048,3109.1606,18.5986,17.5002,117000.13589859009,2380.6257,2240.023,,2048,2047
