Process Num,Input Length,Output Length,TTFT (ms),avg TPS (without prefill),avg TPS (with prefill),Total Time (ms),TPS (without prefill),TPS (with prefill),Error,avg input Tokens,avg output Tokens
1,2048,2048,71.605,90.2017,89.9607,22765.49243927002,90.2017,89.9607,,2048,2048
8,2048,2048,277.0007,72.4927,71.7098,28556.069135665894,579.9417,573.6784,,2048,2047
16,2048,2048,467.0483,57.9302,57.0324,35903.91659736633,926.8837,912.5188,,2048,2047
32,2048,2048,868.1819,43.1942,42.2071,48521.91662788391,1382.2132,1350.6268,,2048,2047
64,2048,2048,1779.7579,28.6537,27.7102,73906.14676475525,1833.8374,1773.4519,,2048,2047
128,2048,2048,4138.6288,18.043,16.5905,123435.13250350952,2309.5016,2123.585,,2048,2047
