Process Num,Input Length,Output Length,TTFT (ms),avg TPS (without prefill),avg TPS (with prefill),Total Time (ms),TPS (without prefill),TPS (with prefill),Error,avg input Tokens,avg output Tokens
1,2048,2048,158.7129,60.5159,60.2739,35637.30025291443,60.5159,60.2739,,2048,2148
8,2048,2048,688.0619,52.5505,51.6173,41534.04450416565,420.404,412.9384,,2048,2143
16,2048,2048,1192.949,47.3213,45.9821,46809.01265144348,757.1411,735.713,,2048,2152
32,2048,2048,2178.7936,39.9807,38.2053,56312.51072883606,1279.3817,1222.5702,,2048,2151
64,2048,2048,4208.3606,30.1116,28.1413,76425.79746246338,1927.1397,1801.0411,,2048,2150
128,2048,2048,8693.9494,20.6468,18.701,114963.4850025177,2642.79,2393.734,,2048,2149
