Process Num,Input Length,Output Length,TTFT (ms),avg TPS (without prefill),avg TPS (with prefill),Total Time (ms),TPS (without prefill),TPS (with prefill),Error,avg input Tokens,avg output Tokens
1,2048,2048,529.0818,12.5566,12.5221,163551.0675907135,12.5566,12.5221,,2048,2048
8,2048,2048,2671.3457,10.7251,10.5648,193851.04060173035,85.8007,84.5185,,2048,2048
16,2048,2048,4743.8312,10.1258,9.8623,207659.61241722107,162.0133,157.7967,,2048,2048
32,2048,2048,8812.459,8.864,8.4874,241296.1173057556,283.6482,271.5958,,2048,2047
64,2048,2048,17066.9088,7.5815,7.0467,290627.7184486389,485.2138,450.9893,,2048,2047
128,2048,2048,34636.7937,5.3767,3.6985,553725.7385253906,688.2203,473.4058,,2048,2047
