Process Num,Input Length,Output Length,TTFT (ms),avg TPS (without prefill),avg TPS (with prefill),Total Time (ms),TPS (without prefill),TPS (with prefill),Error,avg input Tokens,avg output Tokens
1,2048,2048,110.6257,90.8182,90.4353,23707.558631896973,90.8182,90.4353,,2048,2144
8,2048,2048,449.5999,87.2016,85.5271,25075.37889480591,697.6128,684.217,,2048,2144
16,2048,2048,791.7073,79.1502,76.6911,28067.952632904053,1266.4037,1227.0578,,2048,2152
32,2048,2048,1412.4047,60.5194,57.8892,37110.78667640686,1936.6194,1852.4533,,2048,2148
64,2048,2048,2731.0061,42.0138,39.512,54451.37047767639,2688.8819,2528.7701,,2047,2151
128,2048,2048,5834.6773,26.7948,24.5469,87657.27305412292,3429.7346,3141.9983,,2048,2151
