Process Num,Input Length,Output Length,TTFT (ms),avg TPS (without prefill),avg TPS (with prefill),Total Time (ms),TPS (without prefill),TPS (with prefill),Error,avg input Tokens,avg output Tokens
1,2048,2048,470.8598,10.7042,10.6831,191704.2019367218,10.7042,10.6831,,2048,2048
8,2048,2048,2355.1352,10.2784,10.1443,201886.99913024905,82.227,81.1543,,2048,2048
16,2048,2048,4220.5669,9.4411,9.1193,224559.2954158783,151.0571,145.908,,2048,2047
32,2048,2048,8103.3902,8.3997,7.7341,264789.665222168,268.7898,247.4908,,2048,2047
64,2048,2048,16432.4507,5.6609,4.8411,423050.8515834808,362.2957,309.8304,,2048,2048
128,2048,2048,16258.9853,3.6651,3.3781,606234.7598075867,230.9006,212.8218,本次测试失败的请求数: 65,2048,2047
