Process Num,Input Length,Output Length,TTFT (ms),avg TPS (without prefill),avg TPS (with prefill),Total Time (ms),TPS (without prefill),TPS (with prefill),Error,avg input Tokens,avg output Tokens
1,2048,2048,118.2239,76.6805,76.3893,27791.86534881592,76.6805,76.3893,,2048,2123
8,2048,2048,498.5061,60.7656,59.8566,36113.378286361694,486.1248,478.853,,2048,2161
16,2048,2048,856.3902,49.9159,48.8138,43942.49892234802,798.6546,781.0207,,2048,2145
32,2048,2048,1584.8695,36.717,35.5731,60567.21639633179,1174.9453,1138.3386,,2048,2154
64,2048,2048,3192.7247,24.1408,23.1028,93058.7809085846,1545.0111,1478.5816,,2048,2149
128,2048,2048,7085.7029,15.4558,11.6877,184067.09051132202,1978.3394,1496.0197,,2048,2151
