Process Num,Input Length,Output Length,TTFT (ms),avg TPS (without prefill),avg TPS (with prefill),Total Time (ms),TPS (without prefill),TPS (with prefill),Error,avg input Tokens,avg output Tokens
1,2048,2048,298.0745,36.9681,36.7954,58105.12375831604,36.9681,36.7954,,2048,2138
8,2048,2048,1386.2509,33.7767,33.0129,64997.31683731079,270.2134,264.1032,,2048,2145
16,2048,2048,2449.2327,30.5759,29.4612,73079.24175262451,489.2143,471.3787,,2048,2153
32,2048,2048,4546.6127,24.779,23.4108,91974.29752349854,792.9293,749.1441,,2048,2153
64,2048,2048,8765.1436,18.5118,17.0352,126176.1348247528,1184.7575,1090.2537,,2048,2149
128,2048,2048,17879.5411,12.0305,10.7409,200235.91136932373,1539.9093,1374.8333,,2048,2150
