Process Num,Input Length,Output Length,TTFT (ms),avg TPS (without prefill),avg TPS (with prefill),Total Time (ms),TPS (without prefill),TPS (with prefill),Error,avg input Tokens,avg output Tokens
1,2048,2048,60.2329,76.3368,76.2101,28578.90582084656,76.3368,76.2101,,2048,2178
8,2048,2048,173.3783,66.5833,66.1404,32345.951318740845,532.6668,529.1234,,2048,2139
16,2048,2048,298.701,65.8941,65.0991,33070.743799209595,1054.3052,1041.5853,,2048,2152
32,2048,2048,573.0204,57.7389,56.5149,38201.20453834534,1847.646,1808.477,,2048,2158
64,2048,2048,1180.6956,35.6997,34.6872,62132.46774673462,2284.7818,2219.9826,,2048,2155
128,2048,2048,2970.1173,21.2303,19.6749,109383.64148139954,2717.4799,2518.3839,,2048,2152
