Process Num,Input Length,Output Length,TTFT (ms),avg TPS (without prefill),avg TPS (with prefill),Total Time (ms),TPS (without prefill),TPS (with prefill),Error,avg input Tokens,avg output Tokens
1,2048,2048,253.0189,30.7432,30.6416,66837.2654914856,30.7432,30.6416,,2048,2048
8,2048,2048,1205.2279,27.4241,26.9551,75973.47903251648,219.3932,215.641,,2048,2047
16,2048,2048,2091.1288,26.7381,25.9514,78914.479970932,427.8102,415.2216,,2048,2047
32,2048,2048,3883.7517,23.2666,22.1451,92479.50720787048,744.5312,708.6435,,2048,2047
64,2048,2048,7516.1088,19.1221,17.658,115979.82597351074,1223.8128,1130.1103,,2048,2047
128,2048,2048,15440.4129,13.747,12.1979,167896.12650871277,1759.6128,1561.3344,,2048,2047
