Process Num,Input Length,Output Length,TTFT (ms),avg TPS (without prefill),avg TPS (with prefill),Total Time (ms),TPS (without prefill),TPS (with prefill),Error,avg input Tokens,avg output Tokens
1,2048,2048,134.8946,54.6778,54.5076,37572.7276802063,54.6778,54.5076,,2048,2048
8,2048,2048,523.2342,45.4949,44.9198,45584.06090736389,363.9591,359.3581,,2048,2047
16,2048,2048,953.7452,38.5125,37.7357,54267.314195632935,616.2001,603.7704,,2048,2047
32,2048,2048,1752.0799,29.8126,28.9208,70810.92572212219,954.0047,925.4645,,2048,2047
64,2048,2048,3492.5486,20.7181,19.8253,103300.89807510376,1325.9576,1268.8176,,2048,2047
128,2048,2048,7659.896,13.5013,10.3666,197542.47736930847,1728.1652,1326.9247,,2048,2047
