Process Num,Input Length,Output Length,TTFT (ms),avg TPS (without prefill),avg TPS (with prefill),Total Time (ms),TPS (without prefill),TPS (with prefill),Error,avg input Tokens,avg output Tokens
1,2048,2048,274.893,43.6564,43.4356,49889.91832733154,43.6564,43.4356,,2048,2167
8,2048,2048,1238.966,37.6377,36.7908,58581.255197525024,301.1019,294.3262,,2048,2155
16,2048,2048,2157.1238,34.9249,33.6454,63964.94007110596,558.7987,538.3262,,2048,2152
32,2048,2048,3997.9172,28.835,27.2081,79176.82719230652,922.7213,870.6588,,2048,2154
64,2048,2048,7782.9626,21.8879,20.0696,107298.99287223816,1400.8283,1284.4575,,2047,2153
128,2048,2048,15905.1305,15.0216,13.2054,162951.97415351868,1922.7607,1690.2956,,2048,2151
