Process Num,Input Length,Output Length,TTFT (ms),avg TPS (without prefill),avg TPS (with prefill),Total Time (ms),TPS (without prefill),TPS (with prefill),Error,avg input Tokens,avg output Tokens
1,2048,2048,323.0543,16.476,16.4413,124564.62717056274,16.476,16.4413,,2048,2048
8,2048,2048,1692.8968,15.8078,15.6101,131197.15332984924,126.4624,124.8808,,2048,2048
16,2048,2048,2811.3456,14.5038,14.2233,143988.70706558228,232.0606,227.5734,,2048,2048
32,2048,2048,14108.906,11.55,6.9738,293669.24595832825,369.5993,223.1626,,2048,2048
64,2048,2048,137153.1819,11.97,3.6953,554217.3075675964,766.0827,236.5011,,2048,2048
128,2048,2048,371222.6119,11.6629,1.9344,1058732.4719429016,1492.8569,247.6017,,2048,2048
