Process Num,Input Length,Output Length,TTFT (ms),avg TPS (without prefill),avg TPS (with prefill),Total Time (ms),TPS (without prefill),TPS (with prefill),Error,avg input Tokens,avg output Tokens
1,2048,2048,297.0614,26.5466,26.4575,77407.12022781372,26.5466,26.4575,,2048,2048
8,2048,2048,1434.6792,23.3937,22.9891,89085.60681343079,187.1498,183.913,,2048,2048
16,2048,2048,2543.9443,21.6704,21.0407,97337.91589736938,346.7272,336.652,,2048,2048
32,2048,2048,4732.6795,14.6527,14.1059,145187.96491622925,468.8855,451.3873,,2048,2048
64,2048,2048,9258.839,10.6393,9.6658,211882.7052116394,680.916,618.6111,,2048,2048
128,2048,2048,41808.12,7.9829,4.8428,422901.13639831543,1021.8156,619.873,,2048,2048
