Process Num,Input Length,Output Length,TTFT (ms),avg TPS (without prefill),avg TPS (with prefill),Total Time (ms),TPS (without prefill),TPS (with prefill),Error,avg input Tokens,avg output Tokens
1,2048,2048,542.1882,22.6717,22.5526,94889.32633399963,22.6717,22.5526,,2048,2140
8,2048,2048,2747.1097,15.1685,14.8623,144383.76212120056,121.3482,118.8984,,2048,2145
16,2048,2048,4877.0743,14.307,13.8155,155852.63323783877,228.9122,221.0486,,2048,2153
32,2048,2048,9053.4899,13.3205,12.5302,171772.77731895447,426.2571,400.9657,,2048,2152
64,2048,2048,17433.143,10.5226,9.1192,235657.58442878723,673.4457,583.6265,,2048,2149
128,2048,2048,56524.1334,7.8305,4.5453,473187.1919631958,1002.3043,581.7951,,2048,2150
