Process Num,Input Length,Output Length,TTFT (ms),avg TPS (without prefill),avg TPS (with prefill),Total Time (ms),TPS (without prefill),TPS (with prefill),Error,avg input Tokens,avg output Tokens
1,2048,2048,304.0864,27.4302,27.3321,74930.27567863464,27.4302,27.3321,,2048,2048
8,2048,2048,1468.3805,18.9133,18.6392,109876.18231773376,151.3066,149.1133,,2048,2048
16,2048,2048,2582.3524,17.5243,17.0966,119793.85638237,280.3889,273.5449,,2048,2048
32,2048,2048,4813.1185,15.7912,15.133,135335.0157737732,505.3176,484.2575,,2048,2048
64,2048,2048,9311.4917,12.1924,11.4238,179271.53253555298,780.3107,731.1256,,2048,2047
128,2048,2048,19144.2505,8.8906,8.0444,254575.6254196167,1137.9953,1029.6783,,2048,2047
