Process Num,Input Length,Output Length,TTFT (ms),avg TPS (without prefill),avg TPS (with prefill),Total Time (ms),TPS (without prefill),TPS (with prefill),Error,avg input Tokens,avg output Tokens
1,2048,2048,68.3424,127.4487,126.9889,16883.365869522095,127.4487,126.9889,,2048,2144
8,2048,2048,230.8747,104.3022,103.0239,20813.12584877014,834.4173,824.1914,,2048,2144
16,2048,2048,362.4168,93.8287,92.0765,23372.54905700684,1501.2596,1473.224,,2048,2152
32,2048,2048,657.8302,79.1088,76.7713,27980.01503944397,2531.4805,2456.682,,2048,2148
64,2048,2048,1297.4864,56.1701,53.7871,39988.415479660034,3594.8879,3442.372,,2048,2150
128,2048,2048,2938.2935,36.7438,34.3719,62593.85299682617,4703.2073,4399.6013,,2048,2151
