Process Num,Input Length,Output Length,TTFT (ms),avg TPS (without prefill),avg TPS (with prefill),Total Time (ms),TPS (without prefill),TPS (with prefill),Error,avg input Tokens,avg output Tokens
1,2048,2048,390.4164,17.8186,17.7669,115270.649433136,17.8186,17.7669,,2048,2048
8,2048,2048,2070.1847,10.7409,10.6299,192664.69264030457,85.9275,85.0389,,2048,2048
16,2048,2048,3386.6173,10.3775,10.2041,200709.6073627472,166.0394,163.2657,,2048,2048
32,2048,2048,5684.7757,9.9395,9.6693,211803.850889206,318.065,309.4184,,2048,2048
64,2048,2048,10064.8494,7.9526,7.644,267925.4438877106,508.9642,489.2182,,2048,2048
128,2048,2048,18672.7747,6.3172,5.9561,343845.4763889313,808.6023,762.3744,,2047,2047
