Process Num,Input Length,Output Length,TTFT (ms),avg TPS (without prefill),avg TPS (with prefill),Total Time (ms),TPS (without prefill),TPS (with prefill),Error,avg input Tokens,avg output Tokens
1,2048,2048,540.3645,21.3216,21.2173,100861.19103431702,21.3216,21.2173,,2048,2140
8,2048,2048,2671.7051,18.7736,18.3218,117121.21653556824,150.1888,146.5746,,2048,2145
16,2048,2048,4748.3601,16.8744,16.2222,132730.99946975708,269.9898,259.555,,2048,2153
32,2048,2048,8803.9301,14.3022,13.4303,160264.7361755371,457.6713,429.7702,,2048,2152
64,2048,2048,16954.7164,11.5765,9.9624,215713.121175766,740.8949,637.5922,,2048,2149
128,2048,2048,55111.7978,8.7218,5.0346,427171.8854904175,1116.3924,644.4315,,2048,2150
