Process Num,Input Length,Output Length,TTFT (ms),avg TPS (without prefill),avg TPS (with prefill),Total Time (ms),TPS (without prefill),TPS (with prefill),Error,avg input Tokens,avg output Tokens
1,2048,2048,65.2933,151.5273,150.904,14360.126972198486,151.5273,150.904,,2048,2167
8,2048,2048,196.6211,107.1314,105.9805,20223.065853118896,857.051,847.8438,,2048,2143
16,2048,2048,331.5973,84.6319,83.3384,25788.694381713867,1354.1098,1333.4138,,2048,2149
32,2048,2048,613.9578,58.4305,57.2075,37693.94445419312,1869.7754,1830.6389,,2048,2156
64,2048,2048,1271.1749,35.0085,34.0191,63331.21490478516,2240.542,2177.2202,,2048,2154
128,2048,2048,3159.7052,20.9439,19.6458,109541.81551933289,2680.8148,2514.6653,,2048,2152
